"","region","country","indicator","input","date"
"1","Americas","Antigua and Barbuda","Ratification of the UN Convention against Torture","Yes",1993
"2","Americas","Argentina","Ratification of the UN Convention against Torture","Yes",1986
"3","Americas","Bahamas","Ratification of the UN Convention against Torture","Yes",2018
"4","Americas","Barbados","Ratification of the UN Convention against Torture","No",NA
"5","Americas","Belize","Ratification of the UN Convention against Torture","Yes",1986
"6","Americas","Bolivia","Ratification of the UN Convention against Torture","Yes",1999
"7","Americas","Brazil","Ratification of the UN Convention against Torture","Yes",1989
"8","Americas","Canada","Ratification of the UN Convention against Torture","Yes",1987
"9","Americas","Chile","Ratification of the UN Convention against Torture","Yes",1988
"10","Americas","Colombia","Ratification of the UN Convention against Torture","Yes",1987
"11","Americas","Costa Rica","Ratification of the UN Convention against Torture","Yes",1993
"12","Americas","Cuba","Ratification of the UN Convention against Torture","Yes",1995
"13","Americas","Dominica","Ratification of the UN Convention against Torture","Yes",2024
"14","Americas","Dominican Republic","Ratification of the UN Convention against Torture","Yes",2012
"15","Americas","Ecuador","Ratification of the UN Convention against Torture","Yes",1988
"16","Americas","El Salvador","Ratification of the UN Convention against Torture","Yes",1996
"17","Americas","Grenada","Ratification of the UN Convention against Torture","Yes",2019
"18","Americas","Guatemala","Ratification of the UN Convention against Torture","Yes",1990
"19","Americas","Guyana","Ratification of the UN Convention against Torture","Yes",1988
"20","Americas","Haiti","Ratification of the UN Convention against Torture","No",NA
"21","Americas","Honduras","Ratification of the UN Convention against Torture","Yes",1996
"22","Americas","Jamaica","Ratification of the UN Convention against Torture","No",NA
"23","Americas","Mexico","Ratification of the UN Convention against Torture","Yes",1986
"24","Americas","Nicaragua","Ratification of the UN Convention against Torture","Yes",2005
"25","Americas","Panama","Ratification of the UN Convention against Torture","Yes",1987
"26","Americas","Paraguay","Ratification of the UN Convention against Torture","Yes",1990
"27","Americas","Peru","Ratification of the UN Convention against Torture","Yes",1988
"28","Americas","Saint Kitts and Nevis","Ratification of the UN Convention against Torture","Yes",2020
"29","Americas","Saint Lucia","Ratification of the UN Convention against Torture","No",NA
"30","Americas","Saint Vincent and the Grenadines","Ratification of the UN Convention against Torture","Yes",2001
"31","Americas","Suriname","Ratification of the UN Convention against Torture","Yes",2021
"32","Americas","Trinidad and Tobago","Ratification of the UN Convention against Torture","No",NA
"33","Americas","United States","Ratification of the UN Convention against Torture","Yes",1994
"34","Americas","Uruguay","Ratification of the UN Convention against Torture","Yes",1986
"35","Americas","Venezuela","Ratification of the UN Convention against Torture","Yes",1991
"36","Africa","Algeria","Ratification of the UN Convention against Torture","Yes",1989
"37","Africa","Angola","Ratification of the UN Convention against Torture","Yes",2019
"38","Africa","Benin","Ratification of the UN Convention against Torture","Yes",1992
"39","Africa","Botswana","Ratification of the UN Convention against Torture","Yes",2000
"40","Africa","Burkina Faso","Ratification of the UN Convention against Torture","Yes",1999
"41","Africa","Burundi","Ratification of the UN Convention against Torture","Yes",1993
"42","Africa","Cabo Verde","Ratification of the UN Convention against Torture","Yes",1992
"43","Africa","Cameroon","Ratification of the UN Convention against Torture","Yes",1986
"44","Africa","Central African Republic","Ratification of the UN Convention against Torture","Yes",2016
"45","Africa","Chad","Ratification of the UN Convention against Torture","Yes",1995
"46","Africa","Comoros","Ratification of the UN Convention against Torture","Yes",2017
"47","Africa","Congo","Ratification of the UN Convention against Torture","Yes",2003
"48","Africa","Cote d'Ivoire","Ratification of the UN Convention against Torture","Yes",1995
"49","Africa","Democratic Republic of the Congo","Ratification of the UN Convention against Torture","Yes",1996
"50","Africa","Djibouti","Ratification of the UN Convention against Torture","Yes",2002
"51","Africa","Equatorial Guinea","Ratification of the UN Convention against Torture","Yes",2002
"52","Africa","Eritrea","Ratification of the UN Convention against Torture","Yes",2014
"53","Africa","Ethiopia","Ratification of the UN Convention against Torture","Yes",1994
"54","Africa","Gabon","Ratification of the UN Convention against Torture","Yes",2000
"55","Africa","Gambia","Ratification of the UN Convention against Torture","Yes",2018
"56","Africa","Ghana","Ratification of the UN Convention against Torture","Yes",2000
"57","Africa","Guinea","Ratification of the UN Convention against Torture","Yes",1989
"58","Africa","Guinea-Bissau","Ratification of the UN Convention against Torture","Yes",2013
"59","Africa","Kenya","Ratification of the UN Convention against Torture","Yes",1997
"60","Africa","Lesotho","Ratification of the UN Convention against Torture","Yes",2001
"61","Africa","Liberia","Ratification of the UN Convention against Torture","Yes",2004
"62","Africa","Madagascar","Ratification of the UN Convention against Torture","Yes",2005
"63","Africa","Malawi","Ratification of the UN Convention against Torture","Yes",1996
"64","Africa","Mali","Ratification of the UN Convention against Torture","Yes",1999
"65","Africa","Mauritania","Ratification of the UN Convention against Torture","Yes",2004
"66","Africa","Mozambique","Ratification of the UN Convention against Torture","Yes",1999
"67","Africa","Namibia","Ratification of the UN Convention against Torture","Yes",1994
"68","Africa","Niger","Ratification of the UN Convention against Torture","Yes",1998
"69","Africa","Nigeria","Ratification of the UN Convention against Torture","Yes",2001
"70","Africa","Rwanda","Ratification of the UN Convention against Torture","Yes",2008
"71","Africa","Sao Tome and Principe","Ratification of the UN Convention against Torture","Yes",2017
"72","Africa","Senegal","Ratification of the UN Convention against Torture","Yes",1986
"73","Africa","Seychelles","Ratification of the UN Convention against Torture","Yes",1992
"74","Africa","Sierra Leone","Ratification of the UN Convention against Torture","Yes",2001
"75","Africa","Somalia","Ratification of the UN Convention against Torture","Yes",1990
"76","Africa","South Sudan","Ratification of the UN Convention against Torture","Yes",2015
"77","Africa","Sudan","Ratification of the UN Convention against Torture","Yes",2021
"78","Africa","Swaziland","Ratification of the UN Convention against Torture","Yes",2004
"79","Africa","Uganda","Ratification of the UN Convention against Torture","Yes",1986
"80","Africa","United Republic of Tanzania","Ratification of the UN Convention against Torture","No",NA
"81","Africa","Zambia","Ratification of the UN Convention against Torture","Yes",1998
"82","Africa","Zimbabwe","Ratification of the UN Convention against Torture","No",NA
"83","Africa","Mauritius","Ratification of the UN Convention against Torture","Yes",1992
"84","Africa","South Africa","Ratification of the UN Convention against Torture","Yes",2001
"85","Africa","Togo","Ratification of the UN Convention against Torture","Yes",1987
"86","Europe","Albania","Ratification of the UN Convention against Torture","Yes",1994
"87","Europe","Andorra","Ratification of the UN Convention against Torture","Yes",2006
"88","Europe","Austria","Ratification of the UN Convention against Torture","Yes",1987
"89","Europe","Armenia","Ratification of the UN Convention against Torture","Yes",1993
"90","Europe","Belarus","Ratification of the UN Convention against Torture","Yes",1987
"91","Europe","Belgium","Ratification of the UN Convention against Torture","Yes",1999
"92","Europe","Bosnia and Herzegovina","Ratification of the UN Convention against Torture","Yes",1993
"93","Europe","Bulgaria","Ratification of the UN Convention against Torture","Yes",1986
"94","Europe","Croatia","Ratification of the UN Convention against Torture","Yes",1992
"95","Europe","Cyprus","Ratification of the UN Convention against Torture","Yes",1991
"96","Europe","France","Ratification of the UN Convention against Torture","Yes",1986
"97","Europe","Czech Republic","Ratification of the UN Convention against Torture","Yes",1993
"98","Europe","Denmark","Ratification of the UN Convention against Torture","Yes",1987
"99","Europe","Estonia","Ratification of the UN Convention against Torture","Yes",1991
"100","Europe","Finland","Ratification of the UN Convention against Torture","Yes",1989
"101","Europe","Georgia","Ratification of the UN Convention against Torture","Yes",1994
"102","Europe","Germany","Ratification of the UN Convention against Torture","Yes",1990
"103","Europe","Greece","Ratification of the UN Convention against Torture","Yes",1988
"104","Europe","Holy See","Ratification of the UN Convention against Torture","Yes",2002
"105","Europe","Hungary","Ratification of the UN Convention against Torture","Yes",1987
"106","Europe","Iceland","Ratification of the UN Convention against Torture","Yes",1996
"107","Europe","Italy","Ratification of the UN Convention against Torture","Yes",1989
"108","Europe","Ireland","Ratification of the UN Convention against Torture","Yes",2002
"109","Europe","Latvia","Ratification of the UN Convention against Torture","Yes",1992
"110","Europe","Liechtenstein","Ratification of the UN Convention against Torture","Yes",1990
"111","Europe","Lithuania","Ratification of the UN Convention against Torture","Yes",1996
"112","Europe","Luxembourg","Ratification of the UN Convention against Torture","Yes",1987
"113","Europe","North Macedonia","Ratification of the UN Convention against Torture","Yes",1994
"114","Europe","Romania","Ratification of the UN Convention against Torture","Yes",1990
"115","Europe","San Marino","Ratification of the UN Convention against Torture","Yes",2006
"116","Europe","Serbia","Ratification of the UN Convention against Torture","Yes",2001
"117","Europe","Slovakia","Ratification of the UN Convention against Torture","Yes",1993
"118","Europe","Slovenia","Ratification of the UN Convention against Torture","Yes",1993
"119","Europe","Spain","Ratification of the UN Convention against Torture","Yes",1987
"120","Europe","Sweden","Ratification of the UN Convention against Torture","Yes",1986
"121","Europe","Switzerland","Ratification of the UN Convention against Torture","Yes",1986
"122","Europe","United Kingdom","Ratification of the UN Convention against Torture","Yes",1988
"123","Europe","Malta","Ratification of the UN Convention against Torture","Yes",1990
"124","Europe","Monaco","Ratification of the UN Convention against Torture","Yes",1991
"125","Europe","Montenegro","Ratification of the UN Convention against Torture","Yes",2006
"126","Europe","Netherlands","Ratification of the UN Convention against Torture","Yes",1988
"127","Europe","Norway","Ratification of the UN Convention against Torture","Yes",1986
"128","Europe","Poland","Ratification of the UN Convention against Torture","Yes",1989
"129","Europe","Portugal","Ratification of the UN Convention against Torture","Yes",1989
"130","Europe","Republic of Moldova","Ratification of the UN Convention against Torture","Yes",1995
"131","Europe","Russia","Ratification of the UN Convention against Torture","Yes",1987
"132","Europe","Turkey","Ratification of the UN Convention against Torture","Yes",1988
"133","Europe","Ukraine","Ratification of the UN Convention against Torture","Yes",1987
"134","Middle East","Bahrain","Ratification of the UN Convention against Torture","Yes",1998
"135","Middle East","Egypt","Ratification of the UN Convention against Torture","Yes",1986
"136","Middle East","Iran","Ratification of the UN Convention against Torture","No",NA
"137","Middle East","Iraq","Ratification of the UN Convention against Torture","Yes",2011
"138","Middle East","Israel","Ratification of the UN Convention against Torture","Yes",1991
"139","Middle East","Jordan","Ratification of the UN Convention against Torture","Yes",1991
"140","Middle East","Kuwait","Ratification of the UN Convention against Torture","Yes",1996
"141","Middle East","Lebanon","Ratification of the UN Convention against Torture","Yes",2008
"142","Middle East","Libya","Ratification of the UN Convention against Torture","Yes",1989
"143","Middle East","Morocco","Ratification of the UN Convention against Torture","Yes",1993
"144","Middle East","State of Palestine","Ratification of the UN Convention against Torture","Yes",2014
"145","Middle East","Oman","Ratification of the UN Convention against Torture","Yes",2020
"146","Middle East","Qatar","Ratification of the UN Convention against Torture","Yes",2000
"147","Middle East","Saudi Arabia","Ratification of the UN Convention against Torture","Yes",1997
"148","Middle East","Syria","Ratification of the UN Convention against Torture","Yes",2004
"149","Middle East","Tunisia","Ratification of the UN Convention against Torture","Yes",1988
"150","Middle East","United Arab Emirates","Ratification of the UN Convention against Torture","Yes",2012
"151","Middle East","Yemen","Ratification of the UN Convention against Torture","Yes",1991
"152","Asia-Pacific","Afghanistan","Ratification of the UN Convention against Torture","Yes",1987
"153","Asia-Pacific","Australia","Ratification of the UN Convention against Torture","Yes",1989
"154","Asia-Pacific","Azerbaijan","Ratification of the UN Convention against Torture","Yes",1996
"155","Asia-Pacific","Bangladesh","Ratification of the UN Convention against Torture","Yes",1998
"156","Asia-Pacific","Bhutan","Ratification of the UN Convention against Torture","No",NA
"157","Asia-Pacific","Brunei Darussalam","Ratification of the UN Convention against Torture","No",NA
"158","Asia-Pacific","Cambodia","Ratification of the UN Convention against Torture","Yes",1992
"159","Asia-Pacific","China","Ratification of the UN Convention against Torture","Yes",1988
"160","Asia-Pacific","Cook Islands","Ratification of the UN Convention against Torture","No",NA
"161","Asia-Pacific","Fiji","Ratification of the UN Convention against Torture","Yes",2016
"162","Asia-Pacific","Democratic People's Republic of Korea","Ratification of the UN Convention against Torture","No",NA
"163","Asia-Pacific","India","Ratification of the UN Convention against Torture","No",NA
"164","Asia-Pacific","Indonesia","Ratification of the UN Convention against Torture","Yes",1998
"165","Asia-Pacific","Japan","Ratification of the UN Convention against Torture","Yes",1999
"166","Asia-Pacific","Kazakhstan","Ratification of the UN Convention against Torture","Yes",1998
"167","Asia-Pacific","Kiribati","Ratification of the UN Convention against Torture","Yes",2019
"168","Asia-Pacific","Kyrgyzstan","Ratification of the UN Convention against Torture","Yes",1997
"169","Asia-Pacific","Lao People's Democratic Republic","Ratification of the UN Convention against Torture","Yes",2012
"170","Asia-Pacific","Marshall Islands","Ratification of the UN Convention against Torture","Yes",2018
"171","Asia-Pacific","Malaysia","Ratification of the UN Convention against Torture","No",NA
"172","Asia-Pacific","Maldives","Ratification of the UN Convention against Torture","Yes",2004
"173","Asia-Pacific","Micronesia","Ratification of the UN Convention against Torture","No",NA
"174","Asia-Pacific","Mongolia","Ratification of the UN Convention against Torture","Yes",2002
"175","Asia-Pacific","Myanmar","Ratification of the UN Convention against Torture","No",NA
"176","Asia-Pacific","Nauru","Ratification of the UN Convention against Torture","Yes",2012
"177","Asia-Pacific","Nepal","Ratification of the UN Convention against Torture","Yes",1991
"178","Asia-Pacific","New Zealand","Ratification of the UN Convention against Torture","Yes",1989
"179","Asia-Pacific","Niue","Ratification of the UN Convention against Torture","No",NA
"180","Asia-Pacific","Palau","Ratification of the UN Convention against Torture","No",NA
"181","Asia-Pacific","Papua New Guinea","Ratification of the UN Convention against Torture","No",NA
"182","Asia-Pacific","Pakistan","Ratification of the UN Convention against Torture","Yes",2010
"183","Asia-Pacific","Philippines","Ratification of the UN Convention against Torture","Yes",1986
"184","Asia-Pacific","Republic of Korea","Ratification of the UN Convention against Torture","Yes",1995
"185","Asia-Pacific","Samoa","Ratification of the UN Convention against Torture","Yes",2019
"186","Asia-Pacific","Solomon Islands","Ratification of the UN Convention against Torture","No",NA
"187","Asia-Pacific","Singapore","Ratification of the UN Convention against Torture","No",NA
"188","Asia-Pacific","Sri Lanka","Ratification of the UN Convention against Torture","Yes",1994
"189","Asia-Pacific","Tajikistan","Ratification of the UN Convention against Torture","Yes",1995
"190","Asia-Pacific","Thailand","Ratification of the UN Convention against Torture","Yes",2007
"191","Asia-Pacific","Timor-Leste","Ratification of the UN Convention against Torture","Yes",2003
"192","Asia-Pacific","Tonga","Ratification of the UN Convention against Torture","No",NA
"193","Asia-Pacific","Turkmenistan","Ratification of the UN Convention against Torture","Yes",1999
"194","Asia-Pacific","Tuvalu","Ratification of the UN Convention against Torture","Yes",2024
"195","Asia-Pacific","Uzbekistan","Ratification of the UN Convention against Torture","Yes",1995
"196","Asia-Pacific","Vanuatu","Ratification of the UN Convention against Torture","Yes",2011
"197","Asia-Pacific","Viet Nam","Ratification of the UN Convention against Torture","Yes",2015
"198","Americas","Antigua and Barbuda","Ratification of Optional Protocol (OPCAT)","No",NA
"199","Americas","Argentina","Ratification of Optional Protocol (OPCAT)","Yes",2004
"200","Americas","Bahamas","Ratification of Optional Protocol (OPCAT)","No",NA
"201","Americas","Barbados","Ratification of Optional Protocol (OPCAT)","No",NA
"202","Americas","Belize","Ratification of Optional Protocol (OPCAT)","Yes",2015
"203","Americas","Bolivia","Ratification of Optional Protocol (OPCAT)","Yes",2006
"204","Americas","Brazil","Ratification of Optional Protocol (OPCAT)","Yes",2008
"205","Americas","Canada","Ratification of Optional Protocol (OPCAT)","No",NA
"206","Americas","Chile","Ratification of Optional Protocol (OPCAT)","Yes",2008
"207","Americas","Colombia","Ratification of Optional Protocol (OPCAT)","No",NA
"208","Americas","Costa Rica","Ratification of Optional Protocol (OPCAT)","Yes",2005
"209","Americas","Cuba","Ratification of Optional Protocol (OPCAT)","No",NA
"210","Americas","Dominica","Ratification of Optional Protocol (OPCAT)","No",NA
"211","Americas","Dominican Republic","Ratification of Optional Protocol (OPCAT)","No",NA
"212","Americas","Ecuador","Ratification of Optional Protocol (OPCAT)","Yes",2010
"213","Americas","El Salvador","Ratification of Optional Protocol (OPCAT)","No",NA
"214","Americas","Grenada","Ratification of Optional Protocol (OPCAT)","No",NA
"215","Americas","Guatemala","Ratification of Optional Protocol (OPCAT)","Yes",2008
"216","Americas","Guyana","Ratification of Optional Protocol (OPCAT)","No",NA
"217","Americas","Haiti","Ratification of Optional Protocol (OPCAT)","No",NA
"218","Americas","Honduras","Ratification of Optional Protocol (OPCAT)","Yes",2006
"219","Americas","Jamaica","Ratification of Optional Protocol (OPCAT)","No",NA
"220","Americas","Mexico","Ratification of Optional Protocol (OPCAT)","Yes",2005
"221","Americas","Nicaragua","Ratification of Optional Protocol (OPCAT)","Yes",2005
"222","Americas","Panama","Ratification of Optional Protocol (OPCAT)","Yes",2011
"223","Americas","Paraguay","Ratification of Optional Protocol (OPCAT)","Yes",2005
"224","Americas","Peru","Ratification of Optional Protocol (OPCAT)","Yes",2006
"225","Americas","Saint Kitts and Nevis","Ratification of Optional Protocol (OPCAT)","No",NA
"226","Americas","Saint Lucia","Ratification of Optional Protocol (OPCAT)","No",NA
"227","Americas","Saint Vincent and the Grenadines","Ratification of Optional Protocol (OPCAT)","No",NA
"228","Americas","Suriname","Ratification of Optional Protocol (OPCAT)","No",NA
"229","Americas","Trinidad and Tobago","Ratification of Optional Protocol (OPCAT)","No",NA
"230","Americas","United States","Ratification of Optional Protocol (OPCAT)","No",NA
"231","Americas","Uruguay","Ratification of Optional Protocol (OPCAT)","Yes",2005
"232","Americas","Venezuela","Ratification of Optional Protocol (OPCAT)","No",NA
"233","Africa","Algeria","Ratification of Optional Protocol (OPCAT)","No",NA
"234","Africa","Angola","Ratification of Optional Protocol (OPCAT)","No",NA
"235","Africa","Benin","Ratification of Optional Protocol (OPCAT)","Yes",2006
"236","Africa","Botswana","Ratification of Optional Protocol (OPCAT)","No",NA
"237","Africa","Burkina Faso","Ratification of Optional Protocol (OPCAT)","Yes",2010
"238","Africa","Burundi","Ratification of Optional Protocol (OPCAT)","Yes",2013
"239","Africa","Cabo Verde","Ratification of Optional Protocol (OPCAT)","Yes",2016
"240","Africa","Cameroon","Ratification of Optional Protocol (OPCAT)","No",NA
"241","Africa","Central African Republic","Ratification of Optional Protocol (OPCAT)","Yes",2016
"242","Africa","Chad","Ratification of Optional Protocol (OPCAT)","No",NA
"243","Africa","Comoros","Ratification of Optional Protocol (OPCAT)","No",NA
"244","Africa","Congo","Ratification of Optional Protocol (OPCAT)","Yes",2024
"245","Africa","Cote d'Ivoire","Ratification of Optional Protocol (OPCAT)","Yes",2023
"246","Africa","Democratic Republic of the Congo","Ratification of Optional Protocol (OPCAT)","Yes",2010
"247","Africa","Djibouti","Ratification of Optional Protocol (OPCAT)","No",NA
"248","Africa","Equatorial Guinea","Ratification of Optional Protocol (OPCAT)","No",NA
"249","Africa","Eritrea","Ratification of Optional Protocol (OPCAT)","No",NA
"250","Africa","Ethiopia","Ratification of Optional Protocol (OPCAT)","No",NA
"251","Africa","Gabon","Ratification of Optional Protocol (OPCAT)","Yes",2010
"252","Africa","Gambia","Ratification of Optional Protocol (OPCAT)","No",NA
"253","Africa","Ghana","Ratification of Optional Protocol (OPCAT)","Yes",2016
"254","Africa","Guinea","Ratification of Optional Protocol (OPCAT)","No",NA
"255","Africa","Guinea-Bissau","Ratification of Optional Protocol (OPCAT)","No",NA
"256","Africa","Kenya","Ratification of Optional Protocol (OPCAT)","No",NA
"257","Africa","Lesotho","Ratification of Optional Protocol (OPCAT)","No",NA
"258","Africa","Liberia","Ratification of Optional Protocol (OPCAT)","Yes",2004
"259","Africa","Madagascar","Ratification of Optional Protocol (OPCAT)","Yes",2017
"260","Africa","Malawi","Ratification of Optional Protocol (OPCAT)","No",NA
"261","Africa","Mali","Ratification of Optional Protocol (OPCAT)","Yes",2005
"262","Africa","Mauritania","Ratification of Optional Protocol (OPCAT)","Yes",2012
"263","Africa","Mozambique","Ratification of Optional Protocol (OPCAT)","Yes",2014
"264","Africa","Namibia","Ratification of Optional Protocol (OPCAT)","No",NA
"265","Africa","Niger","Ratification of Optional Protocol (OPCAT)","Yes",2014
"266","Africa","Nigeria","Ratification of Optional Protocol (OPCAT)","Yes",2009
"267","Africa","Rwanda","Ratification of Optional Protocol (OPCAT)","Yes",2015
"268","Africa","Sao Tome and Principe","Ratification of Optional Protocol (OPCAT)","No",NA
"269","Africa","Senegal","Ratification of Optional Protocol (OPCAT)","Yes",2006
"270","Africa","Seychelles","Ratification of Optional Protocol (OPCAT)","No",NA
"271","Africa","Sierra Leone","Ratification of Optional Protocol (OPCAT)","No",NA
"272","Africa","Somalia","Ratification of Optional Protocol (OPCAT)","No",NA
"273","Africa","South Sudan","Ratification of Optional Protocol (OPCAT)","Yes",2015
"274","Africa","Sudan","Ratification of Optional Protocol (OPCAT)","No",NA
"275","Africa","Swaziland","Ratification of Optional Protocol (OPCAT)","No",NA
"276","Africa","Uganda","Ratification of Optional Protocol (OPCAT)","No",NA
"277","Africa","United Republic of Tanzania","Ratification of Optional Protocol (OPCAT)","No",NA
"278","Africa","Zambia","Ratification of Optional Protocol (OPCAT)","No",NA
"279","Africa","Zimbabwe","Ratification of Optional Protocol (OPCAT)","No",NA
"280","Africa","Mauritius","Ratification of Optional Protocol (OPCAT)","Yes",2005
"281","Africa","South Africa","Ratification of Optional Protocol (OPCAT)","Yes",2019
"282","Africa","Togo","Ratification of Optional Protocol (OPCAT)","Yes",2010
"283","Europe","Albania","Ratification of Optional Protocol (OPCAT)","Yes",2003
"284","Europe","Andorra","Ratification of Optional Protocol (OPCAT)","No",NA
"285","Europe","Austria","Ratification of Optional Protocol (OPCAT)","Yes",2012
"286","Europe","Armenia","Ratification of Optional Protocol (OPCAT)","Yes",2006
"287","Europe","Belarus","Ratification of Optional Protocol (OPCAT)","No",NA
"288","Europe","Belgium","Ratification of Optional Protocol (OPCAT)","No",NA
"289","Europe","Bosnia and Herzegovina","Ratification of Optional Protocol (OPCAT)","Yes",2008
"290","Europe","Bulgaria","Ratification of Optional Protocol (OPCAT)","Yes",2011
"291","Europe","Croatia","Ratification of Optional Protocol (OPCAT)","Yes",2005
"292","Europe","Cyprus","Ratification of Optional Protocol (OPCAT)","Yes",2009
"293","Europe","France","Ratification of Optional Protocol (OPCAT)","Yes",2008
"294","Europe","Czech Republic","Ratification of Optional Protocol (OPCAT)","Yes",2006
"295","Europe","Denmark","Ratification of Optional Protocol (OPCAT)","Yes",2004
"296","Europe","Estonia","Ratification of Optional Protocol (OPCAT)","Yes",2006
"297","Europe","Finland","Ratification of Optional Protocol (OPCAT)","Yes",2014
"298","Europe","Georgia","Ratification of Optional Protocol (OPCAT)","Yes",2005
"299","Europe","Germany","Ratification of Optional Protocol (OPCAT)","Yes",2008
"300","Europe","Greece","Ratification of Optional Protocol (OPCAT)","Yes",2014
"301","Europe","Holy See","Ratification of Optional Protocol (OPCAT)","No",NA
"302","Europe","Hungary","Ratification of Optional Protocol (OPCAT)","Yes",2012
"303","Europe","Iceland","Ratification of Optional Protocol (OPCAT)","Yes",2019
"304","Europe","Italy","Ratification of Optional Protocol (OPCAT)","Yes",2013
"305","Europe","Ireland","Ratification of Optional Protocol (OPCAT)","No",NA
"306","Europe","Latvia","Ratification of Optional Protocol (OPCAT)","Yes",2021
"307","Europe","Liechtenstein","Ratification of Optional Protocol (OPCAT)","Yes",2006
"308","Europe","Lithuania","Ratification of Optional Protocol (OPCAT)","Yes",2014
"309","Europe","Luxembourg","Ratification of Optional Protocol (OPCAT)","Yes",2010
"310","Europe","North Macedonia","Ratification of Optional Protocol (OPCAT)","Yes",2009
"311","Europe","Romania","Ratification of Optional Protocol (OPCAT)","Yes",2009
"312","Europe","San Marino","Ratification of Optional Protocol (OPCAT)","No",NA
"313","Europe","Serbia","Ratification of Optional Protocol (OPCAT)","Yes",2006
"314","Europe","Slovakia","Ratification of Optional Protocol (OPCAT)","Yes",2023
"315","Europe","Slovenia","Ratification of Optional Protocol (OPCAT)","Yes",2007
"316","Europe","Spain","Ratification of Optional Protocol (OPCAT)","Yes",2006
"317","Europe","Sweden","Ratification of Optional Protocol (OPCAT)","Yes",2005
"318","Europe","Switzerland","Ratification of Optional Protocol (OPCAT)","Yes",2009
"319","Europe","United Kingdom","Ratification of Optional Protocol (OPCAT)","Yes",2003
"320","Europe","Malta","Ratification of Optional Protocol (OPCAT)","Yes",2003
"321","Europe","Monaco","Ratification of Optional Protocol (OPCAT)","No",NA
"322","Europe","Montenegro","Ratification of Optional Protocol (OPCAT)","Yes",2009
"323","Europe","Netherlands","Ratification of Optional Protocol (OPCAT)","Yes",2010
"324","Europe","Norway","Ratification of Optional Protocol (OPCAT)","Yes",2013
"325","Europe","Poland","Ratification of Optional Protocol (OPCAT)","Yes",2005
"326","Europe","Portugal","Ratification of Optional Protocol (OPCAT)","Yes",2013
"327","Europe","Republic of Moldova","Ratification of Optional Protocol (OPCAT)","Yes",2006
"328","Europe","Russia","Ratification of Optional Protocol (OPCAT)","No",NA
"329","Europe","Turkey","Ratification of Optional Protocol (OPCAT)","Yes",2011
"330","Europe","Ukraine","Ratification of Optional Protocol (OPCAT)","Yes",2006
"331","Middle East","Bahrain","Ratification of Optional Protocol (OPCAT)","No",NA
"332","Middle East","Egypt","Ratification of Optional Protocol (OPCAT)","No",NA
"333","Middle East","Iran","Ratification of Optional Protocol (OPCAT)","No",NA
"334","Middle East","Iraq","Ratification of Optional Protocol (OPCAT)","No",NA
"335","Middle East","Israel","Ratification of Optional Protocol (OPCAT)","No",NA
"336","Middle East","Jordan","Ratification of Optional Protocol (OPCAT)","No",NA
"337","Middle East","Kuwait","Ratification of Optional Protocol (OPCAT)","No",NA
"338","Middle East","Lebanon","Ratification of Optional Protocol (OPCAT)","Yes",2008
"339","Middle East","Libya","Ratification of Optional Protocol (OPCAT)","No",NA
"340","Middle East","Morocco","Ratification of Optional Protocol (OPCAT)","Yes",2014
"341","Middle East","State of Palestine","Ratification of Optional Protocol (OPCAT)","Yes",2017
"342","Middle East","Oman","Ratification of Optional Protocol (OPCAT)","No",NA
"343","Middle East","Qatar","Ratification of Optional Protocol (OPCAT)","No",NA
"344","Middle East","Saudi Arabia","Ratification of Optional Protocol (OPCAT)","No",NA
"345","Middle East","Syria","Ratification of Optional Protocol (OPCAT)","No",NA
"346","Middle East","Tunisia","Ratification of Optional Protocol (OPCAT)","Yes",2011
"347","Middle East","United Arab Emirates","Ratification of Optional Protocol (OPCAT)","No",NA
"348","Middle East","Yemen","Ratification of Optional Protocol (OPCAT)","No",NA
"349","Asia-Pacific","Afghanistan","Ratification of Optional Protocol (OPCAT)","Yes",2018
"350","Asia-Pacific","Australia","Ratification of Optional Protocol (OPCAT)","Yes",2017
"351","Asia-Pacific","Azerbaijan","Ratification of Optional Protocol (OPCAT)","Yes",2009
"352","Asia-Pacific","Bangladesh","Ratification of Optional Protocol (OPCAT)","No",NA
"353","Asia-Pacific","Bhutan","Ratification of Optional Protocol (OPCAT)","No",NA
"354","Asia-Pacific","Brunei Darussalam","Ratification of Optional Protocol (OPCAT)","No",NA
"355","Asia-Pacific","Cambodia","Ratification of Optional Protocol (OPCAT)","Yes",2007
"356","Asia-Pacific","China","Ratification of Optional Protocol (OPCAT)","No",NA
"357","Asia-Pacific","Cook Islands","Ratification of Optional Protocol (OPCAT)","No",NA
"358","Asia-Pacific","Fiji","Ratification of Optional Protocol (OPCAT)","No",NA
"359","Asia-Pacific","Democratic People's Republic of Korea","Ratification of Optional Protocol (OPCAT)","No",NA
"360","Asia-Pacific","India","Ratification of Optional Protocol (OPCAT)","No",NA
"361","Asia-Pacific","Indonesia","Ratification of Optional Protocol (OPCAT)","No",NA
"362","Asia-Pacific","Japan","Ratification of Optional Protocol (OPCAT)","No",NA
"363","Asia-Pacific","Kazakhstan","Ratification of Optional Protocol (OPCAT)","Yes",2008
"364","Asia-Pacific","Kiribati","Ratification of Optional Protocol (OPCAT)","No",NA
"365","Asia-Pacific","Kyrgyzstan","Ratification of Optional Protocol (OPCAT)","Yes",2008
"366","Asia-Pacific","Lao People's Democratic Republic","Ratification of Optional Protocol (OPCAT)","No",NA
"367","Asia-Pacific","Marshall Islands","Ratification of Optional Protocol (OPCAT)","No",NA
"368","Asia-Pacific","Malaysia","Ratification of Optional Protocol (OPCAT)","No",NA
"369","Asia-Pacific","Maldives","Ratification of Optional Protocol (OPCAT)","Yes",2006
"370","Asia-Pacific","Micronesia","Ratification of Optional Protocol (OPCAT)","No",NA
"371","Asia-Pacific","Mongolia","Ratification of Optional Protocol (OPCAT)","Yes",2015
"372","Asia-Pacific","Myanmar","Ratification of Optional Protocol (OPCAT)","No",NA
"373","Asia-Pacific","Nauru","Ratification of Optional Protocol (OPCAT)","Yes",2013
"374","Asia-Pacific","Nepal","Ratification of Optional Protocol (OPCAT)","No",NA
"375","Asia-Pacific","New Zealand","Ratification of Optional Protocol (OPCAT)","Yes",2007
"376","Asia-Pacific","Niue","Ratification of Optional Protocol (OPCAT)","No",NA
"377","Asia-Pacific","Palau","Ratification of Optional Protocol (OPCAT)","No",NA
"378","Asia-Pacific","Papua New Guinea","Ratification of Optional Protocol (OPCAT)","No",NA
"379","Asia-Pacific","Pakistan","Ratification of Optional Protocol (OPCAT)","No",NA
"380","Asia-Pacific","Philippines","Ratification of Optional Protocol (OPCAT)","Yes",2012
"381","Asia-Pacific","Republic of Korea","Ratification of Optional Protocol (OPCAT)","No",NA
"382","Asia-Pacific","Samoa","Ratification of Optional Protocol (OPCAT)","No",NA
"383","Asia-Pacific","Solomon Islands","Ratification of Optional Protocol (OPCAT)","No",NA
"384","Asia-Pacific","Singapore","Ratification of Optional Protocol (OPCAT)","No",NA
"385","Asia-Pacific","Sri Lanka","Ratification of Optional Protocol (OPCAT)","Yes",2017
"386","Asia-Pacific","Tajikistan","Ratification of Optional Protocol (OPCAT)","No",NA
"387","Asia-Pacific","Thailand","Ratification of Optional Protocol (OPCAT)","No",NA
"388","Asia-Pacific","Timor-Leste","Ratification of Optional Protocol (OPCAT)","No",NA
"389","Asia-Pacific","Tonga","Ratification of Optional Protocol (OPCAT)","No",NA
"390","Asia-Pacific","Turkmenistan","Ratification of Optional Protocol (OPCAT)","No",NA
"391","Asia-Pacific","Tuvalu","Ratification of Optional Protocol (OPCAT)","No",NA
"392","Asia-Pacific","Uzbekistan","Ratification of Optional Protocol (OPCAT)","No",NA
"393","Asia-Pacific","Vanuatu","Ratification of Optional Protocol (OPCAT)","No",NA
"394","Asia-Pacific","Viet Nam","Ratification of Optional Protocol (OPCAT)","No",NA
"395","Americas","Antigua and Barbuda","Submission of initial report to CAT","No",NA
"396","Americas","Argentina","Submission of initial report to CAT","Yes",1992
"397","Americas","Bahamas","Submission of initial report to CAT","No",NA
"398","Americas","Barbados","Submission of initial report to CAT","No",NA
"399","Americas","Belize","Submission of initial report to CAT","No",NA
"400","Americas","Bolivia","Submission of initial report to CAT","Yes",1992
"401","Americas","Brazil","Submission of initial report to CAT","Yes",2000
"402","Americas","Canada","Submission of initial report to CAT","Yes",1989
"403","Americas","Chile","Submission of initial report to CAT","Yes",1992
"404","Americas","Colombia","Submission of initial report to CAT","Yes",1995
"405","Americas","Costa Rica","Submission of initial report to CAT","Yes",2000
"406","Americas","Cuba","Submission of initial report to CAT","Yes",1996
"407","Americas","Dominica","Submission of initial report to CAT","No",NA
"408","Americas","Dominican Republic","Submission of initial report to CAT","No",NA
"409","Americas","Ecuador","Submission of initial report to CAT","Yes",1993
"410","Americas","El Salvador","Submission of initial report to CAT","Yes",1999
"411","Americas","Grenada","Submission of initial report to CAT","No",NA
"412","Americas","Guatemala","Submission of initial report to CAT","Yes",1994
"413","Americas","Guyana","Submission of initial report to CAT","Yes",1989
"414","Americas","Haiti","Submission of initial report to CAT","No",NA
"415","Americas","Honduras","Submission of initial report to CAT","Yes",2008
"416","Americas","Jamaica","Submission of initial report to CAT","No",NA
"417","Americas","Mexico","Submission of initial report to CAT","Yes",1992
"418","Americas","Nicaragua","Submission of initial report to CAT","Yes",2007
"419","Americas","Panama","Submission of initial report to CAT","Yes",1992
"420","Americas","Paraguay","Submission of initial report to CAT","Yes",1993
"421","Americas","Peru","Submission of initial report to CAT","Yes",2004
"422","Americas","Saint Kitts and Nevis","Submission of initial report to CAT","No",NA
"423","Americas","Saint Lucia","Submission of initial report to CAT","No",NA
"424","Americas","Saint Vincent and the Grenadines","Submission of initial report to CAT","No",NA
"425","Americas","Suriname","Submission of initial report to CAT","No",NA
"426","Americas","Trinidad and Tobago","Submission of initial report to CAT","No",NA
"427","Americas","United States","Submission of initial report to CAT","Yes",1999
"428","Americas","Uruguay","Submission of initial report to CAT","Yes",1996
"429","Americas","Venezuela","Submission of initial report to CAT","Yes",1999
"430","Africa","Algeria","Submission of initial report to CAT","Yes",1996
"431","Africa","Angola","Submission of initial report to CAT","Yes",2024
"432","Africa","Benin","Submission of initial report to CAT","Yes",1996
"433","Africa","Botswana","Submission of initial report to CAT","Yes",2022
"434","Africa","Burkina Faso","Submission of initial report to CAT","Yes",2012
"435","Africa","Burundi","Submission of initial report to CAT","Yes",2005
"436","Africa","Cabo Verde","Submission of initial report to CAT","Yes",2017
"437","Africa","Cameroon","Submission of initial report to CAT","Yes",1999
"438","Africa","Central African Republic","Submission of initial report to CAT","No",NA
"439","Africa","Chad","Submission of initial report to CAT","Yes",2008
"440","Africa","Comoros","Submission of initial report to CAT","No",NA
"441","Africa","Congo","Submission of initial report to CAT","Yes",2014
"442","Africa","Cote d'Ivoire","Submission of initial report to CAT","Yes",2024
"443","Africa","Democratic Republic of the Congo","Submission of initial report to CAT","Yes",2005
"444","Africa","Djibouti","Submission of initial report to CAT","Yes",2010
"445","Africa","Equatorial Guinea","Submission of initial report to CAT","No",NA
"446","Africa","Eritrea","Submission of initial report to CAT","No",NA
"447","Africa","Ethiopia","Submission of initial report to CAT","Yes",2009
"448","Africa","Gabon","Submission of initial report to CAT","Yes",2011
"449","Africa","Gambia","Submission of initial report to CAT","No",NA
"450","Africa","Ghana","Submission of initial report to CAT","Yes",2009
"451","Africa","Guinea","Submission of initial report to CAT","Yes",2014
"452","Africa","Guinea-Bissau","Submission of initial report to CAT","No",NA
"453","Africa","Kenya","Submission of initial report to CAT","Yes",2007
"454","Africa","Lesotho","Submission of initial report to CAT","No",NA
"455","Africa","Liberia","Submission of initial report to CAT","No",NA
"456","Africa","Madagascar","Submission of initial report to CAT","Yes",2010
"457","Africa","Malawi","Submission of initial report to CAT","No",NA
"458","Africa","Mali","Submission of initial report to CAT","No",NA
"459","Africa","Mauritania","Submission of initial report to CAT","Yes",2011
"460","Africa","Mozambique","Submission of initial report to CAT","Yes",2011
"461","Africa","Namibia","Submission of initial report to CAT","Yes",1996
"462","Africa","Niger","Submission of initial report to CAT","Yes",2018
"463","Africa","Nigeria","Submission of initial report to CAT","No",NA
"464","Africa","Rwanda","Submission of initial report to CAT","Yes",2011
"465","Africa","Sao Tome and Principe","Submission of initial report to CAT","No",NA
"466","Africa","Senegal","Submission of initial report to CAT","Yes",1995
"467","Africa","Seychelles","Submission of initial report to CAT","Yes",2018
"468","Africa","Sierra Leone","Submission of initial report to CAT","Yes",2013
"469","Africa","Somalia","Submission of initial report to CAT","No",NA
"470","Africa","South Sudan","Submission of initial report to CAT","No",NA
"471","Africa","Sudan","Submission of initial report to CAT","No",NA
"472","Africa","Swaziland","Submission of initial report to CAT","No",NA
"473","Africa","Uganda","Submission of initial report to CAT","Yes",2004
"474","Africa","United Republic of Tanzania","Submission of initial report to CAT","No",NA
"475","Africa","Zambia","Submission of initial report to CAT","Yes",2000
"476","Africa","Zimbabwe","Submission of initial report to CAT","No",NA
"477","Africa","Mauritius","Submission of initial report to CAT","Yes",1995
"478","Africa","South Africa","Submission of initial report to CAT","Yes",2005
"479","Africa","Togo","Submission of initial report to CAT","Yes",2005
"480","Europe","Albania","Submission of initial report to CAT","Yes",2003
"481","Europe","Andorra","Submission of initial report to CAT","Yes",2012
"482","Europe","Austria","Submission of initial report to CAT","Yes",1998
"483","Europe","Armenia","Submission of initial report to CAT","Yes",1996
"484","Europe","Belarus","Submission of initial report to CAT","Yes",1993
"485","Europe","Belgium","Submission of initial report to CAT","Yes",2001
"486","Europe","Bosnia and Herzegovina","Submission of initial report to CAT","Yes",2004
"487","Europe","Bulgaria","Submission of initial report to CAT","Yes",1998
"488","Europe","Croatia","Submission of initial report to CAT","Yes",1996
"489","Europe","Cyprus","Submission of initial report to CAT","Yes",1993
"490","Europe","France","Submission of initial report to CAT","Yes",1996
"491","Europe","Czech Republic","Submission of initial report to CAT","Yes",1994
"492","Europe","Denmark","Submission of initial report to CAT","Yes",1992
"493","Europe","Estonia","Submission of initial report to CAT","Yes",2001
"494","Europe","Finland","Submission of initial report to CAT","Yes",1996
"495","Europe","Georgia","Submission of initial report to CAT","Yes",1996
"496","Europe","Germany","Submission of initial report to CAT","Yes",1996
"497","Europe","Greece","Submission of initial report to CAT","Yes",1993
"498","Europe","Holy See","Submission of initial report to CAT","Yes",2012
"499","Europe","Hungary","Submission of initial report to CAT","Yes",1993
"500","Europe","Iceland","Submission of initial report to CAT","Yes",1998
"501","Europe","Italy","Submission of initial report to CAT","Yes",1998
"502","Europe","Ireland","Submission of initial report to CAT","Yes",2009
"503","Europe","Latvia","Submission of initial report to CAT","Yes",2002
"504","Europe","Liechtenstein","Submission of initial report to CAT","Yes",1994
"505","Europe","Lithuania","Submission of initial report to CAT","Yes",2002
"506","Europe","Luxembourg","Submission of initial report to CAT","Yes",1998
"507","Europe","North Macedonia","Submission of initial report to CAT","Yes",1998
"508","Europe","Romania","Submission of initial report to CAT","Yes",2019
"509","Europe","San Marino","Submission of initial report to CAT","No",NA
"510","Europe","Serbia","Submission of initial report to CAT","Yes",1998
"511","Europe","Slovakia","Submission of initial report to CAT","Yes",2000
"512","Europe","Slovenia","Submission of initial report to CAT","Yes",1999
"513","Europe","Spain","Submission of initial report to CAT","Yes",1992
"514","Europe","Sweden","Submission of initial report to CAT","Yes",1992
"515","Europe","Switzerland","Submission of initial report to CAT","Yes",1989
"516","Europe","United Kingdom","Submission of initial report to CAT","Yes",1989
"517","Europe","Malta","Submission of initial report to CAT","Yes",1996
"518","Europe","Monaco","Submission of initial report to CAT","Yes",1994
"519","Europe","Montenegro","Submission of initial report to CAT","Yes",2006
"520","Europe","Netherlands","Submission of initial report to CAT","Yes",1990
"521","Europe","Norway","Submission of initial report to CAT","Yes",1992
"522","Europe","Poland","Submission of initial report to CAT","Yes",1993
"523","Europe","Portugal","Submission of initial report to CAT","Yes",1993
"524","Europe","Republic of Moldova","Submission of initial report to CAT","Yes",2001
"525","Europe","Russia","Submission of initial report to CAT","Yes",1988
"526","Europe","Turkey","Submission of initial report to CAT","Yes",2001
"527","Europe","Ukraine","Submission of initial report to CAT","Yes",1990
"528","Middle East","Bahrain","Submission of initial report to CAT","Yes",2004
"529","Middle East","Egypt","Submission of initial report to CAT","Yes",1993
"530","Middle East","Iran","Submission of initial report to CAT","No",NA
"531","Middle East","Iraq","Submission of initial report to CAT","Yes",2014
"532","Middle East","Israel","Submission of initial report to CAT","Yes",1994
"533","Middle East","Jordan","Submission of initial report to CAT","Yes",1994
"534","Middle East","Kuwait","Submission of initial report to CAT","Yes",1997
"535","Middle East","Lebanon","Submission of initial report to CAT","Yes",2016
"536","Middle East","Libya","Submission of initial report to CAT","Yes",1992
"537","Middle East","Morocco","Submission of initial report to CAT","Yes",1992
"538","Middle East","State of Palestine","Submission of initial report to CAT","Yes",2019
"539","Middle East","Oman","Submission of initial report to CAT","No",NA
"540","Middle East","Qatar","Submission of initial report to CAT","Yes",2005
"541","Middle East","Saudi Arabia","Submission of initial report to CAT","Yes",2001
"542","Middle East","Syria","Submission of initial report to CAT","Yes",2001
"543","Middle East","Tunisia","Submission of initial report to CAT","Yes",1997
"544","Middle East","United Arab Emirates","Submission of initial report to CAT","Yes",2018
"545","Middle East","Yemen","Submission of initial report to CAT","Yes",2002
"546","Asia-Pacific","Afghanistan","Submission of initial report to CAT","Yes",1993
"547","Asia-Pacific","Australia","Submission of initial report to CAT","Yes",2000
"548","Asia-Pacific","Azerbaijan","Submission of initial report to CAT","Yes",1998
"549","Asia-Pacific","Bangladesh","Submission of initial report to CAT","Yes",2019
"550","Asia-Pacific","Bhutan","Submission of initial report to CAT","No",NA
"551","Asia-Pacific","Brunei Darussalam","Submission of initial report to CAT","No",NA
"552","Asia-Pacific","Cambodia","Submission of initial report to CAT","Yes",2002
"553","Asia-Pacific","China","Submission of initial report to CAT","Yes",1989
"554","Asia-Pacific","Cook Islands","Submission of initial report to CAT","No",NA
"555","Asia-Pacific","Fiji","Submission of initial report to CAT","No",NA
"556","Asia-Pacific","Democratic People's Republic of Korea","Submission of initial report to CAT","No",NA
"557","Asia-Pacific","India","Submission of initial report to CAT","No",NA
"558","Asia-Pacific","Indonesia","Submission of initial report to CAT","Yes",2001
"559","Asia-Pacific","Japan","Submission of initial report to CAT","Yes",2005
"560","Asia-Pacific","Kazakhstan","Submission of initial report to CAT","Yes",2000
"561","Asia-Pacific","Kiribati","Submission of initial report to CAT","Yes",2023
"562","Asia-Pacific","Kyrgyzstan","Submission of initial report to CAT","Yes",1999
"563","Asia-Pacific","Lao People's Democratic Republic","Submission of initial report to CAT","No",NA
"564","Asia-Pacific","Marshall Islands","Submission of initial report to CAT","No",NA
"565","Asia-Pacific","Malaysia","Submission of initial report to CAT","No",NA
"566","Asia-Pacific","Maldives","Submission of initial report to CAT","Yes",2017
"567","Asia-Pacific","Micronesia","Submission of initial report to CAT","No",NA
"568","Asia-Pacific","Mongolia","Submission of initial report to CAT","Yes",2015
"569","Asia-Pacific","Myanmar","Submission of initial report to CAT","No",NA
"570","Asia-Pacific","Nauru","Submission of initial report to CAT","No",NA
"571","Asia-Pacific","Nepal","Submission of initial report to CAT","Yes",1993
"572","Asia-Pacific","New Zealand","Submission of initial report to CAT","Yes",1992
"573","Asia-Pacific","Niue","Submission of initial report to CAT","No",NA
"574","Asia-Pacific","Palau","Submission of initial report to CAT","No",NA
"575","Asia-Pacific","Papua New Guinea","Submission of initial report to CAT","No",NA
"576","Asia-Pacific","Pakistan","Submission of initial report to CAT","Yes",2016
"577","Asia-Pacific","Philippines","Submission of initial report to CAT","Yes",2008
"578","Asia-Pacific","Republic of Korea","Submission of initial report to CAT","Yes",1996
"579","Asia-Pacific","Samoa","Submission of initial report to CAT","No",NA
"580","Asia-Pacific","Solomon Islands","Submission of initial report to CAT","No",NA
"581","Asia-Pacific","Singapore","Submission of initial report to CAT","No",NA
"582","Asia-Pacific","Sri Lanka","Submission of initial report to CAT","Yes",1997
"583","Asia-Pacific","Tajikistan","Submission of initial report to CAT","Yes",2005
"584","Asia-Pacific","Thailand","Submission of initial report to CAT","Yes",2013
"585","Asia-Pacific","Timor-Leste","Submission of initial report to CAT","Yes",2013
"586","Asia-Pacific","Tonga","Submission of initial report to CAT","No",NA
"587","Asia-Pacific","Turkmenistan","Submission of initial report to CAT","Yes",2010
"588","Asia-Pacific","Tuvalu","Submission of initial report to CAT","No",NA
"589","Asia-Pacific","Uzbekistan","Submission of initial report to CAT","Yes",1999
"590","Asia-Pacific","Vanuatu","Submission of initial report to CAT","No",NA
"591","Asia-Pacific","Viet Nam","Submission of initial report to CAT","Yes",2017
"592","Americas","Antigua and Barbuda","Prohibition of torture in the constitution","Yes",1984
"593","Americas","Argentina","Prohibition of torture in the constitution","Yes",1984
"594","Americas","Bahamas","Prohibition of torture in the constitution","Yes",1984
"595","Americas","Barbados","Prohibition of torture in the constitution","Yes",2007
"596","Americas","Belize","Prohibition of torture in the constitution","Yes",2011
"597","Americas","Bolivia","Prohibition of torture in the constitution","Yes",2009
"598","Americas","Brazil","Prohibition of torture in the constitution","Yes",1988
"599","Americas","Canada","Prohibition of torture in the constitution","Yes",2001
"600","Americas","Chile","Prohibition of torture in the constitution","Yes",2023
"601","Americas","Colombia","Prohibition of torture in the constitution","Yes",1995
"602","Americas","Costa Rica","Prohibition of torture in the constitution","Yes",2022
"603","Americas","Cuba","Prohibition of torture in the constitution","Yes",2019
"604","Americas","Dominica","Prohibition of torture in the constitution","Yes",1991
"605","Americas","Dominican Republic","Prohibition of torture in the constitution","Yes",2015
"606","Americas","Ecuador","Prohibition of torture in the constitution","Yes",2008
"607","Americas","El Salvador","Prohibition of torture in the constitution","Yes",2003
"608","Americas","Grenada","Prohibition of torture in the constitution","Yes",1991
"609","Americas","Guatemala","Prohibition of torture in the constitution","Yes",1985
"610","Americas","Guyana","Prohibition of torture in the constitution","Yes",1984
"611","Americas","Haiti","Prohibition of torture in the constitution","Yes",1987
"612","Americas","Honduras","Prohibition of torture in the constitution","Yes",1984
"613","Americas","Jamaica","Prohibition of torture in the constitution","Yes",2011
"614","Americas","Mexico","Prohibition of torture in the constitution","Yes",2008
"615","Americas","Nicaragua","Prohibition of torture in the constitution","Yes",1987
"616","Americas","Panama","Prohibition of torture in the constitution","No",NA
"617","Americas","Paraguay","Prohibition of torture in the constitution","Yes",1992
"618","Americas","Peru","Prohibition of torture in the constitution","Yes",1993
"619","Americas","Saint Kitts and Nevis","Prohibition of torture in the constitution","Yes",1984
"620","Americas","Saint Lucia","Prohibition of torture in the constitution","Yes",1984
"621","Americas","Saint Vincent and the Grenadines","Prohibition of torture in the constitution","Yes",1984
"622","Americas","Suriname","Prohibition of torture in the constitution","Yes",1987
"623","Americas","Trinidad and Tobago","Prohibition of torture in the constitution","Yes",2007
"624","Americas","United States","Prohibition of torture in the constitution","No",NA
"625","Americas","Uruguay","Prohibition of torture in the constitution","No",NA
"626","Americas","Venezuela","Prohibition of torture in the constitution","Yes",1999
"627","Africa","Algeria","Prohibition of torture in the constitution","Yes",2020
"628","Africa","Angola","Prohibition of torture in the constitution","Yes",2010
"629","Africa","Benin","Prohibition of torture in the constitution","Yes",1990
"630","Africa","Botswana","Prohibition of torture in the constitution","Yes",1996
"631","Africa","Burkina Faso","Prohibition of torture in the constitution","Yes",1991
"632","Africa","Burundi","Prohibition of torture in the constitution","Yes",2018
"633","Africa","Cabo Verde","Prohibition of torture in the constitution","Yes",1992
"634","Africa","Cameroon","Prohibition of torture in the constitution","Yes",1972
"635","Africa","Central African Republic","Prohibition of torture in the constitution","Yes",2016
"636","Africa","Chad","Prohibition of torture in the constitution","Yes",2018
"637","Africa","Comoros","Prohibition of torture in the constitution","Yes",2018
"638","Africa","Congo","Prohibition of torture in the constitution","Yes",2015
"639","Africa","Cote d'Ivoire","Prohibition of torture in the constitution","Yes",2016
"640","Africa","Democratic Republic of the Congo","Prohibition of torture in the constitution","Yes",2011
"641","Africa","Djibouti","Prohibition of torture in the constitution","Yes",1992
"642","Africa","Equatorial Guinea","Prohibition of torture in the constitution","No",NA
"643","Africa","Eritrea","Prohibition of torture in the constitution","Yes",1997
"644","Africa","Ethiopia","Prohibition of torture in the constitution","Yes",1994
"645","Africa","Gabon","Prohibition of torture in the constitution","Yes",1991
"646","Africa","Gambia","Prohibition of torture in the constitution","Yes",1996
"647","Africa","Ghana","Prohibition of torture in the constitution","Yes",1996
"648","Africa","Guinea","Prohibition of torture in the constitution","Yes",2010
"649","Africa","Guinea-Bissau","Prohibition of torture in the constitution","Yes",1996
"650","Africa","Kenya","Prohibition of torture in the constitution","Yes",2010
"651","Africa","Lesotho","Prohibition of torture in the constitution","Yes",1993
"652","Africa","Liberia","Prohibition of torture in the constitution","Yes",1986
"653","Africa","Madagascar","Prohibition of torture in the constitution","Yes",2010
"654","Africa","Malawi","Prohibition of torture in the constitution","Yes",1994
"655","Africa","Mali","Prohibition of torture in the constitution","Yes",1992
"656","Africa","Mauritania","Prohibition of torture in the constitution","Yes",2012
"657","Africa","Mozambique","Prohibition of torture in the constitution","Yes",2004
"658","Africa","Namibia","Prohibition of torture in the constitution","Yes",1990
"659","Africa","Niger","Prohibition of torture in the constitution","Yes",2010
"660","Africa","Nigeria","Prohibition of torture in the constitution","Yes",1999
"661","Africa","Rwanda","Prohibition of torture in the constitution","Yes",2003
"662","Africa","Sao Tome and Principe","Prohibition of torture in the constitution","Yes",2003
"663","Africa","Senegal","Prohibition of torture in the constitution","Yes",2016
"664","Africa","Seychelles","Prohibition of torture in the constitution","Yes",2017
"665","Africa","Sierra Leone","Prohibition of torture in the constitution","Yes",2013
"666","Africa","Somalia","Prohibition of torture in the constitution","Yes",2012
"667","Africa","South Sudan","Prohibition of torture in the constitution","Yes",2013
"668","Africa","Sudan","Prohibition of torture in the constitution","Yes",2019
"669","Africa","Swaziland","Prohibition of torture in the constitution","Yes",2005
"670","Africa","Uganda","Prohibition of torture in the constitution","Yes",1995
"671","Africa","United Republic of Tanzania","Prohibition of torture in the constitution","Yes",2005
"672","Africa","Zambia","Prohibition of torture in the constitution","Yes",2016
"673","Africa","Zimbabwe","Prohibition of torture in the constitution","Yes",2017
"674","Africa","Mauritius","Prohibition of torture in the constitution","Yes",1984
"675","Africa","South Africa","Prohibition of torture in the constitution","Yes",1996
"676","Africa","Togo","Prohibition of torture in the constitution","Yes",2007
"677","Europe","Albania","Prohibition of torture in the constitution","Yes",1998
"678","Europe","Andorra","Prohibition of torture in the constitution","Yes",1993
"679","Europe","Austria","Prohibition of torture in the constitution","No",NA
"680","Europe","Armenia","Prohibition of torture in the constitution","Yes",1995
"681","Europe","Belarus","Prohibition of torture in the constitution","Yes",2004
"682","Europe","Belgium","Prohibition of torture in the constitution","No",NA
"683","Europe","Bosnia and Herzegovina","Prohibition of torture in the constitution","Yes",2003
"684","Europe","Bulgaria","Prohibition of torture in the constitution","Yes",1991
"685","Europe","Croatia","Prohibition of torture in the constitution","Yes",1991
"686","Europe","Cyprus","Prohibition of torture in the constitution","Yes",1984
"687","Europe","France","Prohibition of torture in the constitution","No",NA
"688","Europe","Czech Republic","Prohibition of torture in the constitution","Yes",1993
"689","Europe","Denmark","Prohibition of torture in the constitution","No",NA
"690","Europe","Estonia","Prohibition of torture in the constitution","Yes",1992
"691","Europe","Finland","Prohibition of torture in the constitution","Yes",1999
"692","Europe","Georgia","Prohibition of torture in the constitution","Yes",1995
"693","Europe","Germany","Prohibition of torture in the constitution","Yes",1984
"694","Europe","Greece","Prohibition of torture in the constitution","Yes",1984
"695","Europe","Holy See","Prohibition of torture in the constitution","No",NA
"696","Europe","Hungary","Prohibition of torture in the constitution","Yes",2011
"697","Europe","Iceland","Prohibition of torture in the constitution","Yes",1991
"698","Europe","Italy","Prohibition of torture in the constitution","Yes",1984
"699","Europe","Ireland","Prohibition of torture in the constitution","No",NA
"700","Europe","Latvia","Prohibition of torture in the constitution","Yes",1984
"701","Europe","Liechtenstein","Prohibition of torture in the constitution","Yes",1984
"702","Europe","Lithuania","Prohibition of torture in the constitution","Yes",1992
"703","Europe","Luxembourg","Prohibition of torture in the constitution","No",NA
"704","Europe","North Macedonia","Prohibition of torture in the constitution","Yes",1991
"705","Europe","Romania","Prohibition of torture in the constitution","Yes",1991
"706","Europe","San Marino","Prohibition of torture in the constitution","No",NA
"707","Europe","Serbia","Prohibition of torture in the constitution","Yes",2006
"708","Europe","Slovakia","Prohibition of torture in the constitution","Yes",1992
"709","Europe","Slovenia","Prohibition of torture in the constitution","Yes",1991
"710","Europe","Spain","Prohibition of torture in the constitution","Yes",2011
"711","Europe","Sweden","Prohibition of torture in the constitution","Yes",1984
"712","Europe","Switzerland","Prohibition of torture in the constitution","Yes",1999
"713","Europe","United Kingdom","Prohibition of torture in the constitution","Yes",1998
"714","Europe","Malta","Prohibition of torture in the constitution","No",NA
"715","Europe","Monaco","Prohibition of torture in the constitution","Yes",2002
"716","Europe","Montenegro","Prohibition of torture in the constitution","Yes",2007
"717","Europe","Netherlands","Prohibition of torture in the constitution","No",NA
"718","Europe","Norway","Prohibition of torture in the constitution","Yes",2016
"719","Europe","Poland","Prohibition of torture in the constitution","Yes",1997
"720","Europe","Portugal","Prohibition of torture in the constitution","Yes",1984
"721","Europe","Republic of Moldova","Prohibition of torture in the constitution","Yes",1994
"722","Europe","Russia","Prohibition of torture in the constitution","Yes",1993
"723","Europe","Turkey","Prohibition of torture in the constitution","Yes",1984
"724","Europe","Ukraine","Prohibition of torture in the constitution","Yes",1996
"725","Middle East","Bahrain","Prohibition of torture in the constitution","Yes",2002
"726","Middle East","Egypt","Prohibition of torture in the constitution","Yes",2014
"727","Middle East","Iran","Prohibition of torture in the constitution","Yes",1984
"728","Middle East","Iraq","Prohibition of torture in the constitution","Yes",2005
"729","Middle East","Israel","Prohibition of torture in the constitution","Yes",1994
"730","Middle East","Jordan","Prohibition of torture in the constitution","Yes",2011
"731","Middle East","Kuwait","Prohibition of torture in the constitution","Yes",2012
"732","Middle East","Lebanon","Prohibition of torture in the constitution","No",NA
"733","Middle East","Libya","Prohibition of torture in the constitution","Yes",2011
"734","Middle East","Morocco","Prohibition of torture in the constitution","Yes",2011
"735","Middle East","State of Palestine","Prohibition of torture in the constitution","Yes",2003
"736","Middle East","Oman","Prohibition of torture in the constitution","Yes",1996
"737","Middle East","Qatar","Prohibition of torture in the constitution","Yes",2003
"738","Middle East","Saudi Arabia","Prohibition of torture in the constitution","No",NA
"739","Middle East","Syria","Prohibition of torture in the constitution","Yes",2012
"740","Middle East","Tunisia","Prohibition of torture in the constitution","Yes",2014
"741","Middle East","United Arab Emirates","Prohibition of torture in the constitution","Yes",1996
"742","Middle East","Yemen","Prohibition of torture in the constitution","Yes",2015
"743","Asia-Pacific","Afghanistan","Prohibition of torture in the constitution","Yes",2004
"744","Asia-Pacific","Australia","Prohibition of torture in the constitution","No",NA
"745","Asia-Pacific","Azerbaijan","Prohibition of torture in the constitution","Yes",1995
"746","Asia-Pacific","Bangladesh","Prohibition of torture in the constitution","Yes",1986
"747","Asia-Pacific","Bhutan","Prohibition of torture in the constitution","Yes",2008
"748","Asia-Pacific","Brunei Darussalam","Prohibition of torture in the constitution","No",NA
"749","Asia-Pacific","Cambodia","Prohibition of torture in the constitution","Yes",1993
"750","Asia-Pacific","China","Prohibition of torture in the constitution","No",NA
"751","Asia-Pacific","Cook Islands","Prohibition of torture in the constitution","No",NA
"752","Asia-Pacific","Fiji","Prohibition of torture in the constitution","Yes",2013
"753","Asia-Pacific","Democratic People's Republic of Korea","Prohibition of torture in the constitution","No",NA
"754","Asia-Pacific","India","Prohibition of torture in the constitution","No",NA
"755","Asia-Pacific","Indonesia","Prohibition of torture in the constitution","Yes",2000
"756","Asia-Pacific","Japan","Prohibition of torture in the constitution","Yes",1984
"757","Asia-Pacific","Kazakhstan","Prohibition of torture in the constitution","Yes",1995
"758","Asia-Pacific","Kiribati","Prohibition of torture in the constitution","Yes",1995
"759","Asia-Pacific","Kyrgyzstan","Prohibition of torture in the constitution","Yes",2010
"760","Asia-Pacific","Lao People's Democratic Republic","Prohibition of torture in the constitution","No",NA
"761","Asia-Pacific","Marshall Islands","Prohibition of torture in the constitution","Yes",1995
"762","Asia-Pacific","Malaysia","Prohibition of torture in the constitution","No",NA
"763","Asia-Pacific","Maldives","Prohibition of torture in the constitution","Yes",2008
"764","Asia-Pacific","Micronesia","Prohibition of torture in the constitution","No",NA
"765","Asia-Pacific","Mongolia","Prohibition of torture in the constitution","Yes",1992
"766","Asia-Pacific","Myanmar","Prohibition of torture in the constitution","No",NA
"767","Asia-Pacific","Nauru","Prohibition of torture in the constitution","Yes",2016
"768","Asia-Pacific","Nepal","Prohibition of torture in the constitution","Yes",2015
"769","Asia-Pacific","New Zealand","Prohibition of torture in the constitution","Yes",1984
"770","Asia-Pacific","Niue","Prohibition of torture in the constitution","No",NA
"771","Asia-Pacific","Palau","Prohibition of torture in the constitution","Yes",1992
"772","Asia-Pacific","Papua New Guinea","Prohibition of torture in the constitution","Yes",2013
"773","Asia-Pacific","Pakistan","Prohibition of torture in the constitution","Yes",2002
"774","Asia-Pacific","Philippines","Prohibition of torture in the constitution","Yes",1987
"775","Asia-Pacific","Republic of Korea","Prohibition of torture in the constitution","Yes",1987
"776","Asia-Pacific","Samoa","Prohibition of torture in the constitution","Yes",1984
"777","Asia-Pacific","Solomon Islands","Prohibition of torture in the constitution","Yes",2018
"778","Asia-Pacific","Singapore","Prohibition of torture in the constitution","No",NA
"779","Asia-Pacific","Sri Lanka","Prohibition of torture in the constitution","Yes",1984
"780","Asia-Pacific","Tajikistan","Prohibition of torture in the constitution","Yes",1994
"781","Asia-Pacific","Thailand","Prohibition of torture in the constitution","Yes",2017
"782","Asia-Pacific","Timor-Leste","Prohibition of torture in the constitution","Yes",1987
"783","Asia-Pacific","Tonga","Prohibition of torture in the constitution","No",NA
"784","Asia-Pacific","Turkmenistan","Prohibition of torture in the constitution","Yes",2008
"785","Asia-Pacific","Tuvalu","Prohibition of torture in the constitution","Yes",1986
"786","Asia-Pacific","Uzbekistan","Prohibition of torture in the constitution","Yes",1992
"787","Asia-Pacific","Vanuatu","Prohibition of torture in the constitution","No",NA
"788","Asia-Pacific","Viet Nam","Prohibition of torture in the constitution","Yes",1994
"789","Americas","Antigua and Barbuda","Criminalisation of torture under domestic law","Partially",1993
"790","Americas","Argentina","Criminalisation of torture under domestic law","Yes",1984
"791","Americas","Bahamas","Criminalisation of torture under domestic law","Partially",2001
"792","Americas","Barbados","Criminalisation of torture under domestic law","No",NA
"793","Americas","Belize","Criminalisation of torture under domestic law","Partially",2011
"794","Americas","Bolivia","Criminalisation of torture under domestic law","Partially",1997
"795","Americas","Brazil","Criminalisation of torture under domestic law","Partially",1997
"796","Americas","Canada","Criminalisation of torture under domestic law","Yes",1985
"797","Americas","Chile","Criminalisation of torture under domestic law","Partially",1984
"798","Americas","Colombia","Criminalisation of torture under domestic law","Partially",1984
"799","Americas","Costa Rica","Criminalisation of torture under domestic law","Partially",1999
"800","Americas","Cuba","Criminalisation of torture under domestic law","Yes",2022
"801","Americas","Dominica","Criminalisation of torture under domestic law","No",NA
"802","Americas","Dominican Republic","Criminalisation of torture under domestic law","Yes",1997
"803","Americas","Ecuador","Criminalisation of torture under domestic law","Partially",2007
"804","Americas","El Salvador","Criminalisation of torture under domestic law","Partially",1998
"805","Americas","Grenada","Criminalisation of torture under domestic law","Partially",1984
"806","Americas","Guatemala","Criminalisation of torture under domestic law","Partially",1984
"807","Americas","Guyana","Criminalisation of torture under domestic law","Partially",1984
"808","Americas","Haiti","Criminalisation of torture under domestic law","Partially",2024
"809","Americas","Honduras","Criminalisation of torture under domestic law","Partially",1986
"810","Americas","Jamaica","Criminalisation of torture under domestic law","No",NA
"811","Americas","Mexico","Criminalisation of torture under domestic law","Partially",1986
"812","Americas","Nicaragua","Criminalisation of torture under domestic law","Partially",2008
"813","Americas","Panama","Criminalisation of torture under domestic law","Yes",1987
"814","Americas","Paraguay","Criminalisation of torture under domestic law","Partially",1997
"815","Americas","Peru","Criminalisation of torture under domestic law","Partially",1991
"816","Americas","Saint Kitts and Nevis","Criminalisation of torture under domestic law","Partially",2017
"817","Americas","Saint Lucia","Criminalisation of torture under domestic law","Partially",2005
"818","Americas","Saint Vincent and the Grenadines","Criminalisation of torture under domestic law","No",NA
"819","Americas","Suriname","Criminalisation of torture under domestic law","No",NA
"820","Americas","Trinidad and Tobago","Criminalisation of torture under domestic law","No",NA
"821","Americas","United States","Criminalisation of torture under domestic law","Yes",2014
"822","Americas","Uruguay","Criminalisation of torture under domestic law","Partially",2006
"823","Americas","Venezuela","Criminalisation of torture under domestic law","Partially",2013
"824","Africa","Algeria","Criminalisation of torture under domestic law","Partially",2006
"825","Africa","Angola","Criminalisation of torture under domestic law","Yes",2020
"826","Africa","Benin","Criminalisation of torture under domestic law","Partially",2018
"827","Africa","Botswana","Criminalisation of torture under domestic law","Partially",2018
"828","Africa","Burkina Faso","Criminalisation of torture under domestic law","Partially",2018
"829","Africa","Burundi","Criminalisation of torture under domestic law","Yes",2009
"830","Africa","Cabo Verde","Criminalisation of torture under domestic law","Partially",2021
"831","Africa","Cameroon","Criminalisation of torture under domestic law","Partially",2016
"832","Africa","Central African Republic","Criminalisation of torture under domestic law","No",NA
"833","Africa","Chad","Criminalisation of torture under domestic law","Partially",2017
"834","Africa","Comoros","Criminalisation of torture under domestic law","Partially",1995
"835","Africa","Congo","Criminalisation of torture under domestic law","No",NA
"836","Africa","Cote d'Ivoire","Criminalisation of torture under domestic law","Partially",2024
"837","Africa","Democratic Republic of the Congo","Criminalisation of torture under domestic law","Partially",2008
"838","Africa","Djibouti","Criminalisation of torture under domestic law","Partially",1995
"839","Africa","Equatorial Guinea","Criminalisation of torture under domestic law","Yes",2006
"840","Africa","Eritrea","Criminalisation of torture under domestic law","Partially",2019
"841","Africa","Ethiopia","Criminalisation of torture under domestic law","No",NA
"842","Africa","Gabon","Criminalisation of torture under domestic law","Partially",2019
"843","Africa","Gambia","Criminalisation of torture under domestic law","Partially",2023
"844","Africa","Ghana","Criminalisation of torture under domestic law","No",NA
"845","Africa","Guinea","Criminalisation of torture under domestic law","Partially",1993
"846","Africa","Guinea-Bissau","Criminalisation of torture under domestic law","No",NA
"847","Africa","Kenya","Criminalisation of torture under domestic law","Partially",2017
"848","Africa","Lesotho","Criminalisation of torture under domestic law","No",NA
"849","Africa","Liberia","Criminalisation of torture under domestic law","No",NA
"850","Africa","Madagascar","Criminalisation of torture under domestic law","Partially",2008
"851","Africa","Malawi","Criminalisation of torture under domestic law","No",NA
"852","Africa","Mali","Criminalisation of torture under domestic law","No",NA
"853","Africa","Mauritania","Criminalisation of torture under domestic law","Yes",2015
"854","Africa","Mozambique","Criminalisation of torture under domestic law","No",NA
"855","Africa","Namibia","Criminalisation of torture under domestic law","Yes",2018
"856","Africa","Niger","Criminalisation of torture under domestic law","Partially",2018
"857","Africa","Nigeria","Criminalisation of torture under domestic law","Partially",2017
"858","Africa","Rwanda","Criminalisation of torture under domestic law","Partially",2012
"859","Africa","Sao Tome and Principe","Criminalisation of torture under domestic law","Yes",2011
"860","Africa","Senegal","Criminalisation of torture under domestic law","Partially",1999
"861","Africa","Seychelles","Criminalisation of torture under domestic law","No",NA
"862","Africa","Sierra Leone","Criminalisation of torture under domestic law","No",NA
"863","Africa","Somalia","Criminalisation of torture under domestic law","No",NA
"864","Africa","South Sudan","Criminalisation of torture under domestic law","No",NA
"865","Africa","Sudan","Criminalisation of torture under domestic law","Partially",2019
"866","Africa","Swaziland","Criminalisation of torture under domestic law","Partially",2018
"867","Africa","Uganda","Criminalisation of torture under domestic law","Partially",2018
"868","Africa","United Republic of Tanzania","Criminalisation of torture under domestic law","No",NA
"869","Africa","Zambia","Criminalisation of torture under domestic law","No",NA
"870","Africa","Zimbabwe","Criminalisation of torture under domestic law","No",NA
"871","Africa","Mauritius","Criminalisation of torture under domestic law","Partially",2008
"872","Africa","South Africa","Criminalisation of torture under domestic law","Partially",2013
"873","Africa","Togo","Criminalisation of torture under domestic law","Partially",2000
"874","Europe","Albania","Criminalisation of torture under domestic law","Yes",2007
"875","Europe","Andorra","Criminalisation of torture under domestic law","Partially",2005
"876","Europe","Austria","Criminalisation of torture under domestic law","Partially",1998
"877","Europe","Armenia","Criminalisation of torture under domestic law","No",NA
"878","Europe","Belarus","Criminalisation of torture under domestic law","No",NA
"879","Europe","Belgium","Criminalisation of torture under domestic law","Partially",2021
"880","Europe","Bosnia and Herzegovina","Criminalisation of torture under domestic law","Yes",2003
"881","Europe","Bulgaria","Criminalisation of torture under domestic law","No",NA
"882","Europe","Croatia","Criminalisation of torture under domestic law","Yes",1996
"883","Europe","Cyprus","Criminalisation of torture under domestic law","Yes",2002
"884","Europe","France","Criminalisation of torture under domestic law","Partially",1994
"885","Europe","Czech Republic","Criminalisation of torture under domestic law","Partially",2009
"886","Europe","Denmark","Criminalisation of torture under domestic law","Partially",2005
"887","Europe","Estonia","Criminalisation of torture under domestic law","Partially",2015
"888","Europe","Finland","Criminalisation of torture under domestic law","Partially",2009
"889","Europe","Georgia","Criminalisation of torture under domestic law","Partially",2005
"890","Europe","Germany","Criminalisation of torture under domestic law","No",NA
"891","Europe","Greece","Criminalisation of torture under domestic law","Partially",2019
"892","Europe","Holy See","Criminalisation of torture under domestic law","Partially",2013
"893","Europe","Hungary","Criminalisation of torture under domestic law","Partially",2017
"894","Europe","Iceland","Criminalisation of torture under domestic law","No",NA
"895","Europe","Italy","Criminalisation of torture under domestic law","Yes",2017
"896","Europe","Ireland","Criminalisation of torture under domestic law","No",NA
"897","Europe","Latvia","Criminalisation of torture under domestic law","Partially",2020
"898","Europe","Liechtenstein","Criminalisation of torture under domestic law","Partially",2019
"899","Europe","Lithuania","Criminalisation of torture under domestic law","Yes",2015
"900","Europe","Luxembourg","Criminalisation of torture under domestic law","Partially",2019
"901","Europe","North Macedonia","Criminalisation of torture under domestic law","Partially",2023
"902","Europe","Romania","Criminalisation of torture under domestic law","Yes",2014
"903","Europe","San Marino","Criminalisation of torture under domestic law","No",NA
"904","Europe","Serbia","Criminalisation of torture under domestic law","No",NA
"905","Europe","Slovakia","Criminalisation of torture under domestic law","Partially",2023
"906","Europe","Slovenia","Criminalisation of torture under domestic law","Partially",2012
"907","Europe","Spain","Criminalisation of torture under domestic law","Partially",1995
"908","Europe","Sweden","Criminalisation of torture under domestic law","No",NA
"909","Europe","Switzerland","Criminalisation of torture under domestic law","Partially",2005
"910","Europe","United Kingdom","Criminalisation of torture under domestic law","Partially",1998
"911","Europe","Malta","Criminalisation of torture under domestic law","Partially",1990
"912","Europe","Monaco","Criminalisation of torture under domestic law","Partially",2020
"913","Europe","Montenegro","Criminalisation of torture under domestic law","Partially",2021
"914","Europe","Netherlands","Criminalisation of torture under domestic law","Partially",2003
"915","Europe","Norway","Criminalisation of torture under domestic law","Partially",2008
"916","Europe","Poland","Criminalisation of torture under domestic law","No",NA
"917","Europe","Portugal","Criminalisation of torture under domestic law","Partially",2006
"918","Europe","Republic of Moldova","Criminalisation of torture under domestic law","Yes",2010
"919","Europe","Russia","Criminalisation of torture under domestic law","No",NA
"920","Europe","Turkey","Criminalisation of torture under domestic law","Partially",2004
"921","Europe","Ukraine","Criminalisation of torture under domestic law","Partially",2001
"922","Middle East","Bahrain","Criminalisation of torture under domestic law","Yes",1984
"923","Middle East","Egypt","Criminalisation of torture under domestic law","Partially",1992
"924","Middle East","Iran","Criminalisation of torture under domestic law","No",NA
"925","Middle East","Iraq","Criminalisation of torture under domestic law","Partially",2010
"926","Middle East","Israel","Criminalisation of torture under domestic law","No",NA
"927","Middle East","Jordan","Criminalisation of torture under domestic law","Partially",2017
"928","Middle East","Kuwait","Criminalisation of torture under domestic law","Partially",2024
"929","Middle East","Lebanon","Criminalisation of torture under domestic law","Partially",2009
"930","Middle East","Libya","Criminalisation of torture under domestic law","Partially",2013
"931","Middle East","Morocco","Criminalisation of torture under domestic law","Partially",2006
"932","Middle East","State of Palestine","Criminalisation of torture under domestic law","Partially",2003
"933","Middle East","Oman","Criminalisation of torture under domestic law","Partially",2020
"934","Middle East","Qatar","Criminalisation of torture under domestic law","Partially",2014
"935","Middle East","Saudi Arabia","Criminalisation of torture under domestic law","Partially",2013
"936","Middle East","Syria","Criminalisation of torture under domestic law","Partially",2008
"937","Middle East","Tunisia","Criminalisation of torture under domestic law","Partially",1984
"938","Middle East","United Arab Emirates","Criminalisation of torture under domestic law","Partially",1987
"939","Middle East","Yemen","Criminalisation of torture under domestic law","No",NA
"940","Asia-Pacific","Afghanistan","Criminalisation of torture under domestic law","Partially",2021
"941","Asia-Pacific","Australia","Criminalisation of torture under domestic law","Yes",2010
"942","Asia-Pacific","Azerbaijan","Criminalisation of torture under domestic law","Partially",1999
"943","Asia-Pacific","Bangladesh","Criminalisation of torture under domestic law","No",NA
"944","Asia-Pacific","Bhutan","Criminalisation of torture under domestic law","Partially",2004
"945","Asia-Pacific","Brunei Darussalam","Criminalisation of torture under domestic law","No",NA
"946","Asia-Pacific","Cambodia","Criminalisation of torture under domestic law","Partially",2009
"947","Asia-Pacific","China","Criminalisation of torture under domestic law","Partially",2014
"948","Asia-Pacific","Cook Islands","Criminalisation of torture under domestic law","Partially",2018
"949","Asia-Pacific","Fiji","Criminalisation of torture under domestic law","Partially",2009
"950","Asia-Pacific","Democratic People's Republic of Korea","Criminalisation of torture under domestic law","No",NA
"951","Asia-Pacific","India","Criminalisation of torture under domestic law","No",NA
"952","Asia-Pacific","Indonesia","Criminalisation of torture under domestic law","Partially",2023
"953","Asia-Pacific","Japan","Criminalisation of torture under domestic law","Partially",2006
"954","Asia-Pacific","Kazakhstan","Criminalisation of torture under domestic law","Partially",2023
"955","Asia-Pacific","Kiribati","Criminalisation of torture under domestic law","No",NA
"956","Asia-Pacific","Kyrgyzstan","Criminalisation of torture under domestic law","Partially",2021
"957","Asia-Pacific","Lao People's Democratic Republic","Criminalisation of torture under domestic law","No",NA
"958","Asia-Pacific","Marshall Islands","Criminalisation of torture under domestic law","No",NA
"959","Asia-Pacific","Malaysia","Criminalisation of torture under domestic law","Partially",2015
"960","Asia-Pacific","Maldives","Criminalisation of torture under domestic law","Yes",2013
"961","Asia-Pacific","Micronesia","Criminalisation of torture under domestic law","No",NA
"962","Asia-Pacific","Mongolia","Criminalisation of torture under domestic law","Partially",2015
"963","Asia-Pacific","Myanmar","Criminalisation of torture under domestic law","Partially",1984
"964","Asia-Pacific","Nauru","Criminalisation of torture under domestic law","Yes",2016
"965","Asia-Pacific","Nepal","Criminalisation of torture under domestic law","Partially",2018
"966","Asia-Pacific","New Zealand","Criminalisation of torture under domestic law","Yes",1989
"967","Asia-Pacific","Niue","Criminalisation of torture under domestic law","No",NA
"968","Asia-Pacific","Palau","Criminalisation of torture under domestic law","No",NA
"969","Asia-Pacific","Papua New Guinea","Criminalisation of torture under domestic law","No",NA
"970","Asia-Pacific","Pakistan","Criminalisation of torture under domestic law","Partially",2002
"971","Asia-Pacific","Philippines","Criminalisation of torture under domestic law","Yes",2009
"972","Asia-Pacific","Republic of Korea","Criminalisation of torture under domestic law","Partially",1998
"973","Asia-Pacific","Samoa","Criminalisation of torture under domestic law","No",NA
"974","Asia-Pacific","Solomon Islands","Criminalisation of torture under domestic law","No",NA
"975","Asia-Pacific","Singapore","Criminalisation of torture under domestic law","No",NA
"976","Asia-Pacific","Sri Lanka","Criminalisation of torture under domestic law","Partially",1984
"977","Asia-Pacific","Tajikistan","Criminalisation of torture under domestic law","Partially",2012
"978","Asia-Pacific","Thailand","Criminalisation of torture under domestic law","Yes",2022
"979","Asia-Pacific","Timor-Leste","Criminalisation of torture under domestic law","Yes",2009
"980","Asia-Pacific","Tonga","Criminalisation of torture under domestic law","No",NA
"981","Asia-Pacific","Turkmenistan","Criminalisation of torture under domestic law","Yes",2012
"982","Asia-Pacific","Tuvalu","Criminalisation of torture under domestic law","No",NA
"983","Asia-Pacific","Uzbekistan","Criminalisation of torture under domestic law","Partially",2008
"984","Asia-Pacific","Vanuatu","Criminalisation of torture under domestic law","No",NA
"985","Asia-Pacific","Viet Nam","Criminalisation of torture under domestic law","Partially",2017
"986","Americas","Antigua and Barbuda","Designation of the National Preventive Mechanism (in law)","No",NA
"987","Americas","Argentina","Designation of the National Preventive Mechanism (in law)","Yes",2013
"988","Americas","Bahamas","Designation of the National Preventive Mechanism (in law)","No",NA
"989","Americas","Barbados","Designation of the National Preventive Mechanism (in law)","No",NA
"990","Americas","Belize","Designation of the National Preventive Mechanism (in law)","No",NA
"991","Americas","Bolivia","Designation of the National Preventive Mechanism (in law)","Yes",2013
"992","Americas","Brazil","Designation of the National Preventive Mechanism (in law)","Yes",2013
"993","Americas","Canada","Designation of the National Preventive Mechanism (in law)","No",NA
"994","Americas","Chile","Designation of the National Preventive Mechanism (in law)","Yes",2020
"995","Americas","Colombia","Designation of the National Preventive Mechanism (in law)","No",NA
"996","Americas","Costa Rica","Designation of the National Preventive Mechanism (in law)","Yes",2006
"997","Americas","Cuba","Designation of the National Preventive Mechanism (in law)","No",NA
"998","Americas","Dominica","Designation of the National Preventive Mechanism (in law)","No",NA
"999","Americas","Dominican Republic","Designation of the National Preventive Mechanism (in law)","No",NA
"1000","Americas","Ecuador","Designation of the National Preventive Mechanism (in law)","Yes",2012
"1001","Americas","El Salvador","Designation of the National Preventive Mechanism (in law)","No",NA
"1002","Americas","Grenada","Designation of the National Preventive Mechanism (in law)","No",NA
"1003","Americas","Guatemala","Designation of the National Preventive Mechanism (in law)","Yes",2010
"1004","Americas","Guyana","Designation of the National Preventive Mechanism (in law)","No",NA
"1005","Americas","Haiti","Designation of the National Preventive Mechanism (in law)","No",NA
"1006","Americas","Honduras","Designation of the National Preventive Mechanism (in law)","Yes",2009
"1007","Americas","Jamaica","Designation of the National Preventive Mechanism (in law)","No",NA
"1008","Americas","Mexico","Designation of the National Preventive Mechanism (in law)","Yes",2007
"1009","Americas","Nicaragua","Designation of the National Preventive Mechanism (in law)","Yes",2012
"1010","Americas","Panama","Designation of the National Preventive Mechanism (in law)","Yes",2017
"1011","Americas","Paraguay","Designation of the National Preventive Mechanism (in law)","Yes",2010
"1012","Americas","Peru","Designation of the National Preventive Mechanism (in law)","Yes",2009
"1013","Americas","Saint Kitts and Nevis","Designation of the National Preventive Mechanism (in law)","No",NA
"1014","Americas","Saint Lucia","Designation of the National Preventive Mechanism (in law)","No",NA
"1015","Americas","Saint Vincent and the Grenadines","Designation of the National Preventive Mechanism (in law)","No",NA
"1016","Americas","Suriname","Designation of the National Preventive Mechanism (in law)","No",NA
"1017","Americas","Trinidad and Tobago","Designation of the National Preventive Mechanism (in law)","No",NA
"1018","Americas","United States","Designation of the National Preventive Mechanism (in law)","No",NA
"1019","Americas","Uruguay","Designation of the National Preventive Mechanism (in law)","Yes",2010
"1020","Americas","Venezuela","Designation of the National Preventive Mechanism (in law)","No",NA
"1021","Africa","Algeria","Designation of the National Preventive Mechanism (in law)","No",NA
"1022","Africa","Angola","Designation of the National Preventive Mechanism (in law)","No",NA
"1023","Africa","Benin","Designation of the National Preventive Mechanism (in law)","No",NA
"1024","Africa","Botswana","Designation of the National Preventive Mechanism (in law)","No",NA
"1025","Africa","Burkina Faso","Designation of the National Preventive Mechanism (in law)","Yes",2022
"1026","Africa","Burundi","Designation of the National Preventive Mechanism (in law)","No",NA
"1027","Africa","Cabo Verde","Designation of the National Preventive Mechanism (in law)","Yes",2018
"1028","Africa","Cameroon","Designation of the National Preventive Mechanism (in law)","No",NA
"1029","Africa","Central African Republic","Designation of the National Preventive Mechanism (in law)","No",NA
"1030","Africa","Chad","Designation of the National Preventive Mechanism (in law)","No",NA
"1031","Africa","Comoros","Designation of the National Preventive Mechanism (in law)","No",NA
"1032","Africa","Congo","Designation of the National Preventive Mechanism (in law)","No",NA
"1033","Africa","Cote d'Ivoire","Designation of the National Preventive Mechanism (in law)","No",NA
"1034","Africa","Democratic Republic of the Congo","Designation of the National Preventive Mechanism (in law)","No",NA
"1035","Africa","Djibouti","Designation of the National Preventive Mechanism (in law)","No",NA
"1036","Africa","Equatorial Guinea","Designation of the National Preventive Mechanism (in law)","No",NA
"1037","Africa","Eritrea","Designation of the National Preventive Mechanism (in law)","No",NA
"1038","Africa","Ethiopia","Designation of the National Preventive Mechanism (in law)","No",NA
"1039","Africa","Gabon","Designation of the National Preventive Mechanism (in law)","No",NA
"1040","Africa","Gambia","Designation of the National Preventive Mechanism (in law)","No",NA
"1041","Africa","Ghana","Designation of the National Preventive Mechanism (in law)","No",NA
"1042","Africa","Guinea","Designation of the National Preventive Mechanism (in law)","No",NA
"1043","Africa","Guinea-Bissau","Designation of the National Preventive Mechanism (in law)","No",NA
"1044","Africa","Kenya","Designation of the National Preventive Mechanism (in law)","No",NA
"1045","Africa","Lesotho","Designation of the National Preventive Mechanism (in law)","No",NA
"1046","Africa","Liberia","Designation of the National Preventive Mechanism (in law)","No",NA
"1047","Africa","Madagascar","Designation of the National Preventive Mechanism (in law)","Yes",2019
"1048","Africa","Malawi","Designation of the National Preventive Mechanism (in law)","No",NA
"1049","Africa","Mali","Designation of the National Preventive Mechanism (in law)","Yes",2010
"1050","Africa","Mauritania","Designation of the National Preventive Mechanism (in law)","Yes",2014
"1051","Africa","Mozambique","Designation of the National Preventive Mechanism (in law)","Yes",2013
"1052","Africa","Namibia","Designation of the National Preventive Mechanism (in law)","No",NA
"1053","Africa","Niger","Designation of the National Preventive Mechanism (in law)","Yes",2020
"1054","Africa","Nigeria","Designation of the National Preventive Mechanism (in law)","Yes",2024
"1055","Africa","Rwanda","Designation of the National Preventive Mechanism (in law)","Yes",2020
"1056","Africa","Sao Tome and Principe","Designation of the National Preventive Mechanism (in law)","No",NA
"1057","Africa","Senegal","Designation of the National Preventive Mechanism (in law)","Yes",2009
"1058","Africa","Seychelles","Designation of the National Preventive Mechanism (in law)","No",NA
"1059","Africa","Sierra Leone","Designation of the National Preventive Mechanism (in law)","No",NA
"1060","Africa","Somalia","Designation of the National Preventive Mechanism (in law)","No",NA
"1061","Africa","South Sudan","Designation of the National Preventive Mechanism (in law)","No",NA
"1062","Africa","Sudan","Designation of the National Preventive Mechanism (in law)","No",NA
"1063","Africa","Swaziland","Designation of the National Preventive Mechanism (in law)","No",NA
"1064","Africa","Uganda","Designation of the National Preventive Mechanism (in law)","No",NA
"1065","Africa","United Republic of Tanzania","Designation of the National Preventive Mechanism (in law)","No",NA
"1066","Africa","Zambia","Designation of the National Preventive Mechanism (in law)","No",NA
"1067","Africa","Zimbabwe","Designation of the National Preventive Mechanism (in law)","No",NA
"1068","Africa","Mauritius","Designation of the National Preventive Mechanism (in law)","Yes",2010
"1069","Africa","South Africa","Designation of the National Preventive Mechanism (in law)","Yes",2020
"1070","Africa","Togo","Designation of the National Preventive Mechanism (in law)","Yes",2012
"1071","Europe","Albania","Designation of the National Preventive Mechanism (in law)","Yes",2008
"1072","Europe","Andorra","Designation of the National Preventive Mechanism (in law)","No",NA
"1073","Europe","Austria","Designation of the National Preventive Mechanism (in law)","Yes",2013
"1074","Europe","Armenia","Designation of the National Preventive Mechanism (in law)","Yes",2012
"1075","Europe","Belarus","Designation of the National Preventive Mechanism (in law)","No",NA
"1076","Europe","Belgium","Designation of the National Preventive Mechanism (in law)","No",NA
"1077","Europe","Bosnia and Herzegovina","Designation of the National Preventive Mechanism (in law)","Yes",2023
"1078","Europe","Bulgaria","Designation of the National Preventive Mechanism (in law)","Yes",2013
"1079","Europe","Croatia","Designation of the National Preventive Mechanism (in law)","Yes",2012
"1080","Europe","Cyprus","Designation of the National Preventive Mechanism (in law)","Yes",2009
"1081","Europe","France","Designation of the National Preventive Mechanism (in law)","Yes",2007
"1082","Europe","Czech Republic","Designation of the National Preventive Mechanism (in law)","Yes",2006
"1083","Europe","Denmark","Designation of the National Preventive Mechanism (in law)","Yes",2007
"1084","Europe","Estonia","Designation of the National Preventive Mechanism (in law)","Yes",2008
"1085","Europe","Finland","Designation of the National Preventive Mechanism (in law)","Yes",2014
"1086","Europe","Georgia","Designation of the National Preventive Mechanism (in law)","Yes",2009
"1087","Europe","Germany","Designation of the National Preventive Mechanism (in law)","Yes",2009
"1088","Europe","Greece","Designation of the National Preventive Mechanism (in law)","Yes",2010
"1089","Europe","Holy See","Designation of the National Preventive Mechanism (in law)","No",NA
"1090","Europe","Hungary","Designation of the National Preventive Mechanism (in law)","Yes",2012
"1091","Europe","Iceland","Designation of the National Preventive Mechanism (in law)","Yes",2020
"1092","Europe","Italy","Designation of the National Preventive Mechanism (in law)","Yes",2014
"1093","Europe","Ireland","Designation of the National Preventive Mechanism (in law)","No",NA
"1094","Europe","Latvia","Designation of the National Preventive Mechanism (in law)","Yes",2021
"1095","Europe","Liechtenstein","Designation of the National Preventive Mechanism (in law)","Yes",2008
"1096","Europe","Lithuania","Designation of the National Preventive Mechanism (in law)","Yes",2014
"1097","Europe","Luxembourg","Designation of the National Preventive Mechanism (in law)","Yes",2012
"1098","Europe","North Macedonia","Designation of the National Preventive Mechanism (in law)","Yes",2009
"1099","Europe","Romania","Designation of the National Preventive Mechanism (in law)","Yes",2015
"1100","Europe","San Marino","Designation of the National Preventive Mechanism (in law)","No",NA
"1101","Europe","Serbia","Designation of the National Preventive Mechanism (in law)","Yes",2008
"1102","Europe","Slovakia","Designation of the National Preventive Mechanism (in law)","Yes",2024
"1103","Europe","Slovenia","Designation of the National Preventive Mechanism (in law)","Yes",2009
"1104","Europe","Spain","Designation of the National Preventive Mechanism (in law)","Yes",2010
"1105","Europe","Sweden","Designation of the National Preventive Mechanism (in law)","Yes",2007
"1106","Europe","Switzerland","Designation of the National Preventive Mechanism (in law)","Yes",2010
"1107","Europe","United Kingdom","Designation of the National Preventive Mechanism (in law)","Yes",2009
"1108","Europe","Malta","Designation of the National Preventive Mechanism (in law)","Yes",2008
"1109","Europe","Monaco","Designation of the National Preventive Mechanism (in law)","No",NA
"1110","Europe","Montenegro","Designation of the National Preventive Mechanism (in law)","Yes",2012
"1111","Europe","Netherlands","Designation of the National Preventive Mechanism (in law)","Yes",2012
"1112","Europe","Norway","Designation of the National Preventive Mechanism (in law)","Yes",2014
"1113","Europe","Poland","Designation of the National Preventive Mechanism (in law)","Yes",2009
"1114","Europe","Portugal","Designation of the National Preventive Mechanism (in law)","Yes",2013
"1115","Europe","Republic of Moldova","Designation of the National Preventive Mechanism (in law)","Yes",2007
"1116","Europe","Russia","Designation of the National Preventive Mechanism (in law)","No",NA
"1117","Europe","Turkey","Designation of the National Preventive Mechanism (in law)","Yes",2014
"1118","Europe","Ukraine","Designation of the National Preventive Mechanism (in law)","Yes",2012
"1119","Middle East","Bahrain","Designation of the National Preventive Mechanism (in law)","No",NA
"1120","Middle East","Egypt","Designation of the National Preventive Mechanism (in law)","No",NA
"1121","Middle East","Iran","Designation of the National Preventive Mechanism (in law)","No",NA
"1122","Middle East","Iraq","Designation of the National Preventive Mechanism (in law)","No",NA
"1123","Middle East","Israel","Designation of the National Preventive Mechanism (in law)","No",NA
"1124","Middle East","Jordan","Designation of the National Preventive Mechanism (in law)","No",NA
"1125","Middle East","Kuwait","Designation of the National Preventive Mechanism (in law)","No",NA
"1126","Middle East","Lebanon","Designation of the National Preventive Mechanism (in law)","Yes",2016
"1127","Middle East","Libya","Designation of the National Preventive Mechanism (in law)","No",NA
"1128","Middle East","Morocco","Designation of the National Preventive Mechanism (in law)","Yes",2018
"1129","Middle East","State of Palestine","Designation of the National Preventive Mechanism (in law)","No",NA
"1130","Middle East","Oman","Designation of the National Preventive Mechanism (in law)","No",NA
"1131","Middle East","Qatar","Designation of the National Preventive Mechanism (in law)","No",NA
"1132","Middle East","Saudi Arabia","Designation of the National Preventive Mechanism (in law)","No",NA
"1133","Middle East","Syria","Designation of the National Preventive Mechanism (in law)","No",NA
"1134","Middle East","Tunisia","Designation of the National Preventive Mechanism (in law)","Yes",2014
"1135","Middle East","United Arab Emirates","Designation of the National Preventive Mechanism (in law)","No",NA
"1136","Middle East","Yemen","Designation of the National Preventive Mechanism (in law)","No",NA
"1137","Asia-Pacific","Afghanistan","Designation of the National Preventive Mechanism (in law)","No",NA
"1138","Asia-Pacific","Australia","Designation of the National Preventive Mechanism (in law)","Yes",2019
"1139","Asia-Pacific","Azerbaijan","Designation of the National Preventive Mechanism (in law)","Yes",2009
"1140","Asia-Pacific","Bangladesh","Designation of the National Preventive Mechanism (in law)","No",NA
"1141","Asia-Pacific","Bhutan","Designation of the National Preventive Mechanism (in law)","No",NA
"1142","Asia-Pacific","Brunei Darussalam","Designation of the National Preventive Mechanism (in law)","No",NA
"1143","Asia-Pacific","Cambodia","Designation of the National Preventive Mechanism (in law)","Yes",2018
"1144","Asia-Pacific","China","Designation of the National Preventive Mechanism (in law)","No",NA
"1145","Asia-Pacific","Cook Islands","Designation of the National Preventive Mechanism (in law)","No",NA
"1146","Asia-Pacific","Fiji","Designation of the National Preventive Mechanism (in law)","No",NA
"1147","Asia-Pacific","Democratic People's Republic of Korea","Designation of the National Preventive Mechanism (in law)","No",NA
"1148","Asia-Pacific","India","Designation of the National Preventive Mechanism (in law)","No",NA
"1149","Asia-Pacific","Indonesia","Designation of the National Preventive Mechanism (in law)","No",NA
"1150","Asia-Pacific","Japan","Designation of the National Preventive Mechanism (in law)","No",NA
"1151","Asia-Pacific","Kazakhstan","Designation of the National Preventive Mechanism (in law)","Yes",2015
"1152","Asia-Pacific","Kiribati","Designation of the National Preventive Mechanism (in law)","No",NA
"1153","Asia-Pacific","Kyrgyzstan","Designation of the National Preventive Mechanism (in law)","Yes",2015
"1154","Asia-Pacific","Lao People's Democratic Republic","Designation of the National Preventive Mechanism (in law)","No",NA
"1155","Asia-Pacific","Marshall Islands","Designation of the National Preventive Mechanism (in law)","No",NA
"1156","Asia-Pacific","Malaysia","Designation of the National Preventive Mechanism (in law)","No",NA
"1157","Asia-Pacific","Maldives","Designation of the National Preventive Mechanism (in law)","Yes",2007
"1158","Asia-Pacific","Micronesia","Designation of the National Preventive Mechanism (in law)","No",NA
"1159","Asia-Pacific","Mongolia","Designation of the National Preventive Mechanism (in law)","Yes",2022
"1160","Asia-Pacific","Myanmar","Designation of the National Preventive Mechanism (in law)","No",NA
"1161","Asia-Pacific","Nauru","Designation of the National Preventive Mechanism (in law)","No",NA
"1162","Asia-Pacific","Nepal","Designation of the National Preventive Mechanism (in law)","No",NA
"1163","Asia-Pacific","New Zealand","Designation of the National Preventive Mechanism (in law)","Yes",2007
"1164","Asia-Pacific","Niue","Designation of the National Preventive Mechanism (in law)","No",NA
"1165","Asia-Pacific","Palau","Designation of the National Preventive Mechanism (in law)","No",NA
"1166","Asia-Pacific","Papua New Guinea","Designation of the National Preventive Mechanism (in law)","No",NA
"1167","Asia-Pacific","Pakistan","Designation of the National Preventive Mechanism (in law)","No",NA
"1168","Asia-Pacific","Philippines","Designation of the National Preventive Mechanism (in law)","No",NA
"1169","Asia-Pacific","Republic of Korea","Designation of the National Preventive Mechanism (in law)","No",NA
"1170","Asia-Pacific","Samoa","Designation of the National Preventive Mechanism (in law)","No",NA
"1171","Asia-Pacific","Solomon Islands","Designation of the National Preventive Mechanism (in law)","No",NA
"1172","Asia-Pacific","Singapore","Designation of the National Preventive Mechanism (in law)","No",NA
"1173","Asia-Pacific","Sri Lanka","Designation of the National Preventive Mechanism (in law)","Yes",2019
"1174","Asia-Pacific","Tajikistan","Designation of the National Preventive Mechanism (in law)","No",NA
"1175","Asia-Pacific","Thailand","Designation of the National Preventive Mechanism (in law)","No",NA
"1176","Asia-Pacific","Timor-Leste","Designation of the National Preventive Mechanism (in law)","No",NA
"1177","Asia-Pacific","Tonga","Designation of the National Preventive Mechanism (in law)","No",NA
"1178","Asia-Pacific","Turkmenistan","Designation of the National Preventive Mechanism (in law)","No",NA
"1179","Asia-Pacific","Tuvalu","Designation of the National Preventive Mechanism (in law)","No",NA
"1180","Asia-Pacific","Uzbekistan","Designation of the National Preventive Mechanism (in law)","No",NA
"1181","Asia-Pacific","Vanuatu","Designation of the National Preventive Mechanism (in law)","No",NA
"1182","Asia-Pacific","Viet Nam","Designation of the National Preventive Mechanism (in law)","No",NA
"1183","Americas","Antigua and Barbuda","Operationality of the National Preventive Mechanism","No",NA
"1184","Americas","Argentina","Operationality of the National Preventive Mechanism","Yes",2018
"1185","Americas","Bahamas","Operationality of the National Preventive Mechanism","No",NA
"1186","Americas","Barbados","Operationality of the National Preventive Mechanism","No",NA
"1187","Americas","Belize","Operationality of the National Preventive Mechanism","No",NA
"1188","Americas","Bolivia","Operationality of the National Preventive Mechanism","Yes",2016
"1189","Americas","Brazil","Operationality of the National Preventive Mechanism","Yes",2016
"1190","Americas","Canada","Operationality of the National Preventive Mechanism","No",NA
"1191","Americas","Chile","Operationality of the National Preventive Mechanism","Yes",2020
"1192","Americas","Colombia","Operationality of the National Preventive Mechanism","No",NA
"1193","Americas","Costa Rica","Operationality of the National Preventive Mechanism","Yes",2009
"1194","Americas","Cuba","Operationality of the National Preventive Mechanism","No",NA
"1195","Americas","Dominica","Operationality of the National Preventive Mechanism","No",NA
"1196","Americas","Dominican Republic","Operationality of the National Preventive Mechanism","No",NA
"1197","Americas","Ecuador","Operationality of the National Preventive Mechanism","Yes",2012
"1198","Americas","El Salvador","Operationality of the National Preventive Mechanism","No",NA
"1199","Americas","Grenada","Operationality of the National Preventive Mechanism","No",NA
"1200","Americas","Guatemala","Operationality of the National Preventive Mechanism","Yes",2014
"1201","Americas","Guyana","Operationality of the National Preventive Mechanism","No",NA
"1202","Americas","Haiti","Operationality of the National Preventive Mechanism","No",NA
"1203","Americas","Honduras","Operationality of the National Preventive Mechanism","Yes",2010
"1204","Americas","Jamaica","Operationality of the National Preventive Mechanism","No",NA
"1205","Americas","Mexico","Operationality of the National Preventive Mechanism","Yes",2018
"1206","Americas","Nicaragua","Operationality of the National Preventive Mechanism","Yes",2012
"1207","Americas","Panama","Operationality of the National Preventive Mechanism","Yes",2018
"1208","Americas","Paraguay","Operationality of the National Preventive Mechanism","Yes",2013
"1209","Americas","Peru","Operationality of the National Preventive Mechanism","Yes",2017
"1210","Americas","Saint Kitts and Nevis","Operationality of the National Preventive Mechanism","No",NA
"1211","Americas","Saint Lucia","Operationality of the National Preventive Mechanism","No",NA
"1212","Americas","Saint Vincent and the Grenadines","Operationality of the National Preventive Mechanism","No",NA
"1213","Americas","Suriname","Operationality of the National Preventive Mechanism","No",NA
"1214","Americas","Trinidad and Tobago","Operationality of the National Preventive Mechanism","No",NA
"1215","Americas","United States","Operationality of the National Preventive Mechanism","No",NA
"1216","Americas","Uruguay","Operationality of the National Preventive Mechanism","Yes",2013
"1217","Americas","Venezuela","Operationality of the National Preventive Mechanism","No",NA
"1218","Africa","Algeria","Operationality of the National Preventive Mechanism","No",NA
"1219","Africa","Angola","Operationality of the National Preventive Mechanism","No",NA
"1220","Africa","Benin","Operationality of the National Preventive Mechanism","No",NA
"1221","Africa","Botswana","Operationality of the National Preventive Mechanism","No",NA
"1222","Africa","Burkina Faso","Operationality of the National Preventive Mechanism","Yes",2021
"1223","Africa","Burundi","Operationality of the National Preventive Mechanism","No",NA
"1224","Africa","Cabo Verde","Operationality of the National Preventive Mechanism","Yes",2018
"1225","Africa","Cameroon","Operationality of the National Preventive Mechanism","No",NA
"1226","Africa","Central African Republic","Operationality of the National Preventive Mechanism","No",NA
"1227","Africa","Chad","Operationality of the National Preventive Mechanism","No",NA
"1228","Africa","Comoros","Operationality of the National Preventive Mechanism","No",NA
"1229","Africa","Congo","Operationality of the National Preventive Mechanism","No",NA
"1230","Africa","Cote d'Ivoire","Operationality of the National Preventive Mechanism","No",NA
"1231","Africa","Democratic Republic of the Congo","Operationality of the National Preventive Mechanism","No",NA
"1232","Africa","Djibouti","Operationality of the National Preventive Mechanism","No",NA
"1233","Africa","Equatorial Guinea","Operationality of the National Preventive Mechanism","No",NA
"1234","Africa","Eritrea","Operationality of the National Preventive Mechanism","No",NA
"1235","Africa","Ethiopia","Operationality of the National Preventive Mechanism","No",NA
"1236","Africa","Gabon","Operationality of the National Preventive Mechanism","No",NA
"1237","Africa","Gambia","Operationality of the National Preventive Mechanism","No",NA
"1238","Africa","Ghana","Operationality of the National Preventive Mechanism","No",NA
"1239","Africa","Guinea","Operationality of the National Preventive Mechanism","No",NA
"1240","Africa","Guinea-Bissau","Operationality of the National Preventive Mechanism","No",NA
"1241","Africa","Kenya","Operationality of the National Preventive Mechanism","No",NA
"1242","Africa","Lesotho","Operationality of the National Preventive Mechanism","No",NA
"1243","Africa","Liberia","Operationality of the National Preventive Mechanism","No",NA
"1244","Africa","Madagascar","Operationality of the National Preventive Mechanism","Yes",2019
"1245","Africa","Malawi","Operationality of the National Preventive Mechanism","No",NA
"1246","Africa","Mali","Operationality of the National Preventive Mechanism","Yes",2016
"1247","Africa","Mauritania","Operationality of the National Preventive Mechanism","Yes",2016
"1248","Africa","Mozambique","Operationality of the National Preventive Mechanism","No",NA
"1249","Africa","Namibia","Operationality of the National Preventive Mechanism","No",NA
"1250","Africa","Niger","Operationality of the National Preventive Mechanism","No",NA
"1251","Africa","Nigeria","Operationality of the National Preventive Mechanism","No",NA
"1252","Africa","Rwanda","Operationality of the National Preventive Mechanism","Yes",2018
"1253","Africa","Sao Tome and Principe","Operationality of the National Preventive Mechanism","No",NA
"1254","Africa","Senegal","Operationality of the National Preventive Mechanism","Yes",2011
"1255","Africa","Seychelles","Operationality of the National Preventive Mechanism","No",NA
"1256","Africa","Sierra Leone","Operationality of the National Preventive Mechanism","No",NA
"1257","Africa","Somalia","Operationality of the National Preventive Mechanism","No",NA
"1258","Africa","South Sudan","Operationality of the National Preventive Mechanism","No",NA
"1259","Africa","Sudan","Operationality of the National Preventive Mechanism","No",NA
"1260","Africa","Swaziland","Operationality of the National Preventive Mechanism","No",NA
"1261","Africa","Uganda","Operationality of the National Preventive Mechanism","No",NA
"1262","Africa","United Republic of Tanzania","Operationality of the National Preventive Mechanism","No",NA
"1263","Africa","Zambia","Operationality of the National Preventive Mechanism","No",NA
"1264","Africa","Zimbabwe","Operationality of the National Preventive Mechanism","No",NA
"1265","Africa","Mauritius","Operationality of the National Preventive Mechanism","Yes",2014
"1266","Africa","South Africa","Operationality of the National Preventive Mechanism","Yes",2019
"1267","Africa","Togo","Operationality of the National Preventive Mechanism","Yes",2019
"1268","Europe","Albania","Operationality of the National Preventive Mechanism","Yes",2008
"1269","Europe","Andorra","Operationality of the National Preventive Mechanism","No",NA
"1270","Europe","Austria","Operationality of the National Preventive Mechanism","Yes",2012
"1271","Europe","Armenia","Operationality of the National Preventive Mechanism","Yes",2017
"1272","Europe","Belarus","Operationality of the National Preventive Mechanism","No",NA
"1273","Europe","Belgium","Operationality of the National Preventive Mechanism","No",NA
"1274","Europe","Bosnia and Herzegovina","Operationality of the National Preventive Mechanism","Yes",2023
"1275","Europe","Bulgaria","Operationality of the National Preventive Mechanism","Yes",2012
"1276","Europe","Croatia","Operationality of the National Preventive Mechanism","Yes",2012
"1277","Europe","Cyprus","Operationality of the National Preventive Mechanism","Yes",2009
"1278","Europe","France","Operationality of the National Preventive Mechanism","Yes",2008
"1279","Europe","Czech Republic","Operationality of the National Preventive Mechanism","Yes",2006
"1280","Europe","Denmark","Operationality of the National Preventive Mechanism","Yes",2009
"1281","Europe","Estonia","Operationality of the National Preventive Mechanism","Yes",2007
"1282","Europe","Finland","Operationality of the National Preventive Mechanism","Yes",2017
"1283","Europe","Georgia","Operationality of the National Preventive Mechanism","Yes",2009
"1284","Europe","Germany","Operationality of the National Preventive Mechanism","Yes",2010
"1285","Europe","Greece","Operationality of the National Preventive Mechanism","Yes",2016
"1286","Europe","Holy See","Operationality of the National Preventive Mechanism","No",NA
"1287","Europe","Hungary","Operationality of the National Preventive Mechanism","Yes",2015
"1288","Europe","Iceland","Operationality of the National Preventive Mechanism","Yes",2018
"1289","Europe","Italy","Operationality of the National Preventive Mechanism","Yes",2016
"1290","Europe","Ireland","Operationality of the National Preventive Mechanism","No",NA
"1291","Europe","Latvia","Operationality of the National Preventive Mechanism","Yes",2018
"1292","Europe","Liechtenstein","Operationality of the National Preventive Mechanism","Yes",2007
"1293","Europe","Lithuania","Operationality of the National Preventive Mechanism","Yes",2014
"1294","Europe","Luxembourg","Operationality of the National Preventive Mechanism","Yes",2012
"1295","Europe","North Macedonia","Operationality of the National Preventive Mechanism","Yes",2011
"1296","Europe","Romania","Operationality of the National Preventive Mechanism","Yes",2014
"1297","Europe","San Marino","Operationality of the National Preventive Mechanism","No",NA
"1298","Europe","Serbia","Operationality of the National Preventive Mechanism","Yes",2011
"1299","Europe","Slovakia","Operationality of the National Preventive Mechanism","Yes",2024
"1300","Europe","Slovenia","Operationality of the National Preventive Mechanism","Yes",2008
"1301","Europe","Spain","Operationality of the National Preventive Mechanism","Yes",2010
"1302","Europe","Sweden","Operationality of the National Preventive Mechanism","Yes",2011
"1303","Europe","Switzerland","Operationality of the National Preventive Mechanism","Yes",2009
"1304","Europe","United Kingdom","Operationality of the National Preventive Mechanism","Yes",2009
"1305","Europe","Malta","Operationality of the National Preventive Mechanism","Yes",2008
"1306","Europe","Monaco","Operationality of the National Preventive Mechanism","No",NA
"1307","Europe","Montenegro","Operationality of the National Preventive Mechanism","Yes",2013
"1308","Europe","Netherlands","Operationality of the National Preventive Mechanism","Yes",2012
"1309","Europe","Norway","Operationality of the National Preventive Mechanism","Yes",2014
"1310","Europe","Poland","Operationality of the National Preventive Mechanism","Yes",2010
"1311","Europe","Portugal","Operationality of the National Preventive Mechanism","Yes",2012
"1312","Europe","Republic of Moldova","Operationality of the National Preventive Mechanism","Yes",2014
"1313","Europe","Russia","Operationality of the National Preventive Mechanism","No",NA
"1314","Europe","Turkey","Operationality of the National Preventive Mechanism","Yes",2014
"1315","Europe","Ukraine","Operationality of the National Preventive Mechanism","Yes",2012
"1316","Middle East","Bahrain","Operationality of the National Preventive Mechanism","No",NA
"1317","Middle East","Egypt","Operationality of the National Preventive Mechanism","No",NA
"1318","Middle East","Iran","Operationality of the National Preventive Mechanism","No",NA
"1319","Middle East","Iraq","Operationality of the National Preventive Mechanism","No",NA
"1320","Middle East","Israel","Operationality of the National Preventive Mechanism","No",NA
"1321","Middle East","Jordan","Operationality of the National Preventive Mechanism","No",NA
"1322","Middle East","Kuwait","Operationality of the National Preventive Mechanism","No",NA
"1323","Middle East","Lebanon","Operationality of the National Preventive Mechanism","Yes",2019
"1324","Middle East","Libya","Operationality of the National Preventive Mechanism","No",NA
"1325","Middle East","Morocco","Operationality of the National Preventive Mechanism","Yes",2018
"1326","Middle East","State of Palestine","Operationality of the National Preventive Mechanism","No",NA
"1327","Middle East","Oman","Operationality of the National Preventive Mechanism","No",NA
"1328","Middle East","Qatar","Operationality of the National Preventive Mechanism","No",NA
"1329","Middle East","Saudi Arabia","Operationality of the National Preventive Mechanism","No",NA
"1330","Middle East","Syria","Operationality of the National Preventive Mechanism","No",NA
"1331","Middle East","Tunisia","Operationality of the National Preventive Mechanism","Yes",2016
"1332","Middle East","United Arab Emirates","Operationality of the National Preventive Mechanism","No",NA
"1333","Middle East","Yemen","Operationality of the National Preventive Mechanism","No",NA
"1334","Asia-Pacific","Afghanistan","Operationality of the National Preventive Mechanism","No",NA
"1335","Asia-Pacific","Australia","Operationality of the National Preventive Mechanism","Yes",2019
"1336","Asia-Pacific","Azerbaijan","Operationality of the National Preventive Mechanism","Yes",2009
"1337","Asia-Pacific","Bangladesh","Operationality of the National Preventive Mechanism","No",NA
"1338","Asia-Pacific","Bhutan","Operationality of the National Preventive Mechanism","No",NA
"1339","Asia-Pacific","Brunei Darussalam","Operationality of the National Preventive Mechanism","No",NA
"1340","Asia-Pacific","Cambodia","Operationality of the National Preventive Mechanism","No",NA
"1341","Asia-Pacific","China","Operationality of the National Preventive Mechanism","No",NA
"1342","Asia-Pacific","Cook Islands","Operationality of the National Preventive Mechanism","No",NA
"1343","Asia-Pacific","Fiji","Operationality of the National Preventive Mechanism","No",NA
"1344","Asia-Pacific","Democratic People's Republic of Korea","Operationality of the National Preventive Mechanism","No",NA
"1345","Asia-Pacific","India","Operationality of the National Preventive Mechanism","No",NA
"1346","Asia-Pacific","Indonesia","Operationality of the National Preventive Mechanism","No",NA
"1347","Asia-Pacific","Japan","Operationality of the National Preventive Mechanism","No",NA
"1348","Asia-Pacific","Kazakhstan","Operationality of the National Preventive Mechanism","Yes",2014
"1349","Asia-Pacific","Kiribati","Operationality of the National Preventive Mechanism","No",NA
"1350","Asia-Pacific","Kyrgyzstan","Operationality of the National Preventive Mechanism","Yes",2014
"1351","Asia-Pacific","Lao People's Democratic Republic","Operationality of the National Preventive Mechanism","No",NA
"1352","Asia-Pacific","Marshall Islands","Operationality of the National Preventive Mechanism","No",NA
"1353","Asia-Pacific","Malaysia","Operationality of the National Preventive Mechanism","No",NA
"1354","Asia-Pacific","Maldives","Operationality of the National Preventive Mechanism","Yes",2008
"1355","Asia-Pacific","Micronesia","Operationality of the National Preventive Mechanism","No",NA
"1356","Asia-Pacific","Mongolia","Operationality of the National Preventive Mechanism","Yes",2020
"1357","Asia-Pacific","Myanmar","Operationality of the National Preventive Mechanism","No",NA
"1358","Asia-Pacific","Nauru","Operationality of the National Preventive Mechanism","No",NA
"1359","Asia-Pacific","Nepal","Operationality of the National Preventive Mechanism","No",NA
"1360","Asia-Pacific","New Zealand","Operationality of the National Preventive Mechanism","Yes",2007
"1361","Asia-Pacific","Niue","Operationality of the National Preventive Mechanism","No",NA
"1362","Asia-Pacific","Palau","Operationality of the National Preventive Mechanism","No",NA
"1363","Asia-Pacific","Papua New Guinea","Operationality of the National Preventive Mechanism","No",NA
"1364","Asia-Pacific","Pakistan","Operationality of the National Preventive Mechanism","No",NA
"1365","Asia-Pacific","Philippines","Operationality of the National Preventive Mechanism","No",NA
"1366","Asia-Pacific","Republic of Korea","Operationality of the National Preventive Mechanism","No",NA
"1367","Asia-Pacific","Samoa","Operationality of the National Preventive Mechanism","No",NA
"1368","Asia-Pacific","Solomon Islands","Operationality of the National Preventive Mechanism","No",NA
"1369","Asia-Pacific","Singapore","Operationality of the National Preventive Mechanism","No",NA
"1370","Asia-Pacific","Sri Lanka","Operationality of the National Preventive Mechanism","Yes",2022
"1371","Asia-Pacific","Tajikistan","Operationality of the National Preventive Mechanism","No",NA
"1372","Asia-Pacific","Thailand","Operationality of the National Preventive Mechanism","No",NA
"1373","Asia-Pacific","Timor-Leste","Operationality of the National Preventive Mechanism","No",NA
"1374","Asia-Pacific","Tonga","Operationality of the National Preventive Mechanism","No",NA
"1375","Asia-Pacific","Turkmenistan","Operationality of the National Preventive Mechanism","No",NA
"1376","Asia-Pacific","Tuvalu","Operationality of the National Preventive Mechanism","No",NA
"1377","Asia-Pacific","Uzbekistan","Operationality of the National Preventive Mechanism","No",NA
"1378","Asia-Pacific","Vanuatu","Operationality of the National Preventive Mechanism","No",NA
"1379","Asia-Pacific","Viet Nam","Operationality of the National Preventive Mechanism","No",NA
"1380","Americas","Antigua and Barbuda","Existence of National Human Rights Institution that fully complies with Paris Principles","No",NA
"1381","Americas","Argentina","Existence of National Human Rights Institution that fully complies with Paris Principles","Yes",1999
"1382","Americas","Bahamas","Existence of National Human Rights Institution that fully complies with Paris Principles","No",NA
"1383","Americas","Barbados","Existence of National Human Rights Institution that fully complies with Paris Principles","No",NA
"1384","Americas","Belize","Existence of National Human Rights Institution that fully complies with Paris Principles","No",NA
"1385","Americas","Bolivia","Existence of National Human Rights Institution that fully complies with Paris Principles","Yes",2000
"1386","Americas","Brazil","Existence of National Human Rights Institution that fully complies with Paris Principles","No",NA
"1387","Americas","Canada","Existence of National Human Rights Institution that fully complies with Paris Principles","Yes",1999
"1388","Americas","Chile","Existence of National Human Rights Institution that fully complies with Paris Principles","Yes",2012
"1389","Americas","Colombia","Existence of National Human Rights Institution that fully complies with Paris Principles","Yes",2001
"1390","Americas","Costa Rica","Existence of National Human Rights Institution that fully complies with Paris Principles","Yes",1999
"1391","Americas","Cuba","Existence of National Human Rights Institution that fully complies with Paris Principles","No",NA
"1392","Americas","Dominica","Existence of National Human Rights Institution that fully complies with Paris Principles","No",NA
"1393","Americas","Dominican Republic","Existence of National Human Rights Institution that fully complies with Paris Principles","No",NA
"1394","Americas","Ecuador","Existence of National Human Rights Institution that fully complies with Paris Principles","Yes",1999
"1395","Americas","El Salvador","Existence of National Human Rights Institution that fully complies with Paris Principles","Yes",2006
"1396","Americas","Grenada","Existence of National Human Rights Institution that fully complies with Paris Principles","No",NA
"1397","Americas","Guatemala","Existence of National Human Rights Institution that fully complies with Paris Principles","Yes",2000
"1398","Americas","Guyana","Existence of National Human Rights Institution that fully complies with Paris Principles","No",NA
"1399","Americas","Haiti","Existence of National Human Rights Institution that fully complies with Paris Principles","Yes",2013
"1400","Americas","Honduras","Existence of National Human Rights Institution that fully complies with Paris Principles","Yes",2019
"1401","Americas","Jamaica","Existence of National Human Rights Institution that fully complies with Paris Principles","No",NA
"1402","Americas","Mexico","Existence of National Human Rights Institution that fully complies with Paris Principles","Yes",1999
"1403","Americas","Nicaragua","Existence of National Human Rights Institution that fully complies with Paris Principles","No",NA
"1404","Americas","Panama","Existence of National Human Rights Institution that fully complies with Paris Principles","No",NA
"1405","Americas","Paraguay","Existence of National Human Rights Institution that fully complies with Paris Principles","Yes",2024
"1406","Americas","Peru","Existence of National Human Rights Institution that fully complies with Paris Principles","Yes",1999
"1407","Americas","Saint Kitts and Nevis","Existence of National Human Rights Institution that fully complies with Paris Principles","No",NA
"1408","Americas","Saint Lucia","Existence of National Human Rights Institution that fully complies with Paris Principles","No",NA
"1409","Americas","Saint Vincent and the Grenadines","Existence of National Human Rights Institution that fully complies with Paris Principles","No",NA
"1410","Americas","Suriname","Existence of National Human Rights Institution that fully complies with Paris Principles","No",NA
"1411","Americas","Trinidad and Tobago","Existence of National Human Rights Institution that fully complies with Paris Principles","No",NA
"1412","Americas","United States","Existence of National Human Rights Institution that fully complies with Paris Principles","No",NA
"1413","Americas","Uruguay","Existence of National Human Rights Institution that fully complies with Paris Principles","Yes",2016
"1414","Americas","Venezuela","Existence of National Human Rights Institution that fully complies with Paris Principles","No",NA
"1415","Africa","Algeria","Existence of National Human Rights Institution that fully complies with Paris Principles","No",NA
"1416","Africa","Angola","Existence of National Human Rights Institution that fully complies with Paris Principles","No",NA
"1417","Africa","Benin","Existence of National Human Rights Institution that fully complies with Paris Principles","Yes",2022
"1418","Africa","Botswana","Existence of National Human Rights Institution that fully complies with Paris Principles","No",NA
"1419","Africa","Burkina Faso","Existence of National Human Rights Institution that fully complies with Paris Principles","No",NA
"1420","Africa","Burundi","Existence of National Human Rights Institution that fully complies with Paris Principles","Yes",2021
"1421","Africa","Cabo Verde","Existence of National Human Rights Institution that fully complies with Paris Principles","No",NA
"1422","Africa","Cameroon","Existence of National Human Rights Institution that fully complies with Paris Principles","Yes",2010
"1423","Africa","Central African Republic","Existence of National Human Rights Institution that fully complies with Paris Principles","No",NA
"1424","Africa","Chad","Existence of National Human Rights Institution that fully complies with Paris Principles","No",NA
"1425","Africa","Comoros","Existence of National Human Rights Institution that fully complies with Paris Principles","No",NA
"1426","Africa","Congo","Existence of National Human Rights Institution that fully complies with Paris Principles","No",NA
"1427","Africa","Cote d'Ivoire","Existence of National Human Rights Institution that fully complies with Paris Principles","Yes",2020
"1428","Africa","Democratic Republic of the Congo","Existence of National Human Rights Institution that fully complies with Paris Principles","Yes",2018
"1429","Africa","Djibouti","Existence of National Human Rights Institution that fully complies with Paris Principles","No",NA
"1430","Africa","Equatorial Guinea","Existence of National Human Rights Institution that fully complies with Paris Principles","No",NA
"1431","Africa","Eritrea","Existence of National Human Rights Institution that fully complies with Paris Principles","No",NA
"1432","Africa","Ethiopia","Existence of National Human Rights Institution that fully complies with Paris Principles","Yes",2021
"1433","Africa","Gabon","Existence of National Human Rights Institution that fully complies with Paris Principles","No",NA
"1434","Africa","Gambia","Existence of National Human Rights Institution that fully complies with Paris Principles","Yes",2022
"1435","Africa","Ghana","Existence of National Human Rights Institution that fully complies with Paris Principles","Yes",2001
"1436","Africa","Guinea","Existence of National Human Rights Institution that fully complies with Paris Principles","No",NA
"1437","Africa","Guinea-Bissau","Existence of National Human Rights Institution that fully complies with Paris Principles","No",NA
"1438","Africa","Kenya","Existence of National Human Rights Institution that fully complies with Paris Principles","Yes",2005
"1439","Africa","Lesotho","Existence of National Human Rights Institution that fully complies with Paris Principles","No",NA
"1440","Africa","Liberia","Existence of National Human Rights Institution that fully complies with Paris Principles","Yes",2017
"1441","Africa","Madagascar","Existence of National Human Rights Institution that fully complies with Paris Principles","Yes",2019
"1442","Africa","Malawi","Existence of National Human Rights Institution that fully complies with Paris Principles","Yes",2000
"1443","Africa","Mali","Existence of National Human Rights Institution that fully complies with Paris Principles","Yes",2022
"1444","Africa","Mauritania","Existence of National Human Rights Institution that fully complies with Paris Principles","Yes",2020
"1445","Africa","Mauritius","Existence of National Human Rights Institution that fully complies with Paris Principles","Yes",2002
"1446","Africa","Mozambique","Existence of National Human Rights Institution that fully complies with Paris Principles","No",NA
"1447","Africa","Namibia","Existence of National Human Rights Institution that fully complies with Paris Principles","Yes",2003
"1448","Africa","Niger","Existence of National Human Rights Institution that fully complies with Paris Principles","No",NA
"1449","Africa","Nigeria","Existence of National Human Rights Institution that fully complies with Paris Principles","Yes",2011
"1450","Africa","Rwanda","Existence of National Human Rights Institution that fully complies with Paris Principles","Yes",2001
"1451","Africa","Sao Tome and Principe","Existence of National Human Rights Institution that fully complies with Paris Principles","No",NA
"1452","Africa","Senegal","Existence of National Human Rights Institution that fully complies with Paris Principles","No",NA
"1453","Africa","Seychelles","Existence of National Human Rights Institution that fully complies with Paris Principles","No",NA
"1454","Africa","Sierra Leone","Existence of National Human Rights Institution that fully complies with Paris Principles","Yes",2011
"1455","Africa","Somalia","Existence of National Human Rights Institution that fully complies with Paris Principles","No",NA
"1456","Africa","South Sudan","Existence of National Human Rights Institution that fully complies with Paris Principles","No",NA
"1457","Africa","Sudan","Existence of National Human Rights Institution that fully complies with Paris Principles","No",NA
"1458","Africa","Swaziland","Existence of National Human Rights Institution that fully complies with Paris Principles","No",NA
"1459","Africa","Uganda","Existence of National Human Rights Institution that fully complies with Paris Principles","Yes",2000
"1460","Africa","United Republic of Tanzania","Existence of National Human Rights Institution that fully complies with Paris Principles","Yes",2003
"1461","Africa","Zambia","Existence of National Human Rights Institution that fully complies with Paris Principles","Yes",2003
"1462","Africa","Zimbabwe","Existence of National Human Rights Institution that fully complies with Paris Principles","Yes",2016
"1463","Africa","South Africa","Existence of National Human Rights Institution that fully complies with Paris Principles","Yes",1999
"1464","Africa","Togo","Existence of National Human Rights Institution that fully complies with Paris Principles","Yes",1999
"1465","Europe","Albania","Existence of National Human Rights Institution that fully complies with Paris Principles","Yes",2003
"1466","Europe","Andorra","Existence of National Human Rights Institution that fully complies with Paris Principles","No",NA
"1467","Europe","Austria","Existence of National Human Rights Institution that fully complies with Paris Principles","Yes",2022
"1468","Europe","Armenia","Existence of National Human Rights Institution that fully complies with Paris Principles","Yes",2006
"1469","Europe","Belarus","Existence of National Human Rights Institution that fully complies with Paris Principles","No",NA
"1470","Europe","Belgium","Existence of National Human Rights Institution that fully complies with Paris Principles","No",NA
"1471","Europe","Bosnia and Herzegovina","Existence of National Human Rights Institution that fully complies with Paris Principles","Yes",2001
"1472","Europe","Bulgaria","Existence of National Human Rights Institution that fully complies with Paris Principles","Yes",2011
"1473","Europe","Croatia","Existence of National Human Rights Institution that fully complies with Paris Principles","Yes",2008
"1474","Europe","Cyprus","Existence of National Human Rights Institution that fully complies with Paris Principles","Yes",2022
"1475","Europe","France","Existence of National Human Rights Institution that fully complies with Paris Principles","Yes",1999
"1476","Europe","Czech Republic","Existence of National Human Rights Institution that fully complies with Paris Principles","No",NA
"1477","Europe","Denmark","Existence of National Human Rights Institution that fully complies with Paris Principles","Yes",2007
"1478","Europe","Estonia","Existence of National Human Rights Institution that fully complies with Paris Principles","Yes",2020
"1479","Europe","Finland","Existence of National Human Rights Institution that fully complies with Paris Principles","Yes",2014
"1480","Europe","Georgia","Existence of National Human Rights Institution that fully complies with Paris Principles","Yes",2007
"1481","Europe","Germany","Existence of National Human Rights Institution that fully complies with Paris Principles","Yes",2001
"1482","Europe","Greece","Existence of National Human Rights Institution that fully complies with Paris Principles","Yes",2000
"1483","Europe","Holy See","Existence of National Human Rights Institution that fully complies with Paris Principles","No",NA
"1484","Europe","Hungary","Existence of National Human Rights Institution that fully complies with Paris Principles","No",NA
"1485","Europe","Iceland","Existence of National Human Rights Institution that fully complies with Paris Principles","No",NA
"1486","Europe","Italy","Existence of National Human Rights Institution that fully complies with Paris Principles","No",NA
"1487","Europe","Ireland","Existence of National Human Rights Institution that fully complies with Paris Principles","Yes",2015
"1488","Europe","Latvia","Existence of National Human Rights Institution that fully complies with Paris Principles","Yes",2015
"1489","Europe","Liechtenstein","Existence of National Human Rights Institution that fully complies with Paris Principles","No",NA
"1490","Europe","Lithuania","Existence of National Human Rights Institution that fully complies with Paris Principles","Yes",2017
"1491","Europe","Luxembourg","Existence of National Human Rights Institution that fully complies with Paris Principles","Yes",2001
"1492","Europe","North Macedonia","Existence of National Human Rights Institution that fully complies with Paris Principles","No",NA
"1493","Europe","Romania","Existence of National Human Rights Institution that fully complies with Paris Principles","No",NA
"1494","Europe","San Marino","Existence of National Human Rights Institution that fully complies with Paris Principles","No",NA
"1495","Europe","Serbia","Existence of National Human Rights Institution that fully complies with Paris Principles","Yes",2010
"1496","Europe","Slovakia","Existence of National Human Rights Institution that fully complies with Paris Principles","No",NA
"1497","Europe","Slovenia","Existence of National Human Rights Institution that fully complies with Paris Principles","Yes",2020
"1498","Europe","Spain","Existence of National Human Rights Institution that fully complies with Paris Principles","Yes",2000
"1499","Europe","Sweden","Existence of National Human Rights Institution that fully complies with Paris Principles","Yes",2024
"1500","Europe","Switzerland","Existence of National Human Rights Institution that fully complies with Paris Principles","No",NA
"1501","Europe","United Kingdom","Existence of National Human Rights Institution that fully complies with Paris Principles","Yes",2006
"1502","Europe","Malta","Existence of National Human Rights Institution that fully complies with Paris Principles","No",NA
"1503","Europe","Monaco","Existence of National Human Rights Institution that fully complies with Paris Principles","No",NA
"1504","Europe","Montenegro","Existence of National Human Rights Institution that fully complies with Paris Principles","No",NA
"1505","Europe","Netherlands","Existence of National Human Rights Institution that fully complies with Paris Principles","Yes",2014
"1506","Europe","Norway","Existence of National Human Rights Institution that fully complies with Paris Principles","Yes",2017
"1507","Europe","Poland","Existence of National Human Rights Institution that fully complies with Paris Principles","Yes",1999
"1508","Europe","Portugal","Existence of National Human Rights Institution that fully complies with Paris Principles","Yes",1999
"1509","Europe","Republic of Moldova","Existence of National Human Rights Institution that fully complies with Paris Principles","Yes",2018
"1510","Europe","Russia","Existence of National Human Rights Institution that fully complies with Paris Principles","No",NA
"1511","Europe","Turkey","Existence of National Human Rights Institution that fully complies with Paris Principles","No",NA
"1512","Europe","Ukraine","Existence of National Human Rights Institution that fully complies with Paris Principles","Yes",2009
"1513","Middle East","Bahrain","Existence of National Human Rights Institution that fully complies with Paris Principles","No",NA
"1514","Middle East","Egypt","Existence of National Human Rights Institution that fully complies with Paris Principles","Yes",2006
"1515","Middle East","Iran","Existence of National Human Rights Institution that fully complies with Paris Principles","No",NA
"1516","Middle East","Iraq","Existence of National Human Rights Institution that fully complies with Paris Principles","Yes",2021
"1517","Middle East","Israel","Existence of National Human Rights Institution that fully complies with Paris Principles","No",NA
"1518","Middle East","Jordan","Existence of National Human Rights Institution that fully complies with Paris Principles","Yes",2007
"1519","Middle East","Kuwait","Existence of National Human Rights Institution that fully complies with Paris Principles","No",NA
"1520","Middle East","Lebanon","Existence of National Human Rights Institution that fully complies with Paris Principles","No",NA
"1521","Middle East","Libya","Existence of National Human Rights Institution that fully complies with Paris Principles","No",NA
"1522","Middle East","Morocco","Existence of National Human Rights Institution that fully complies with Paris Principles","Yes",1999
"1523","Middle East","State of Palestine","Existence of National Human Rights Institution that fully complies with Paris Principles","Yes",2005
"1524","Middle East","Oman","Existence of National Human Rights Institution that fully complies with Paris Principles","No",NA
"1525","Middle East","Qatar","Existence of National Human Rights Institution that fully complies with Paris Principles","Yes",2009
"1526","Middle East","Saudi Arabia","Existence of National Human Rights Institution that fully complies with Paris Principles","No",NA
"1527","Middle East","Syria","Existence of National Human Rights Institution that fully complies with Paris Principles","No",NA
"1528","Middle East","Tunisia","Existence of National Human Rights Institution that fully complies with Paris Principles","No",NA
"1529","Middle East","United Arab Emirates","Existence of National Human Rights Institution that fully complies with Paris Principles","No",NA
"1530","Middle East","Yemen","Existence of National Human Rights Institution that fully complies with Paris Principles","No",NA
"1531","Asia-Pacific","Afghanistan","Existence of National Human Rights Institution that fully complies with Paris Principles","No",NA
"1532","Asia-Pacific","Australia","Existence of National Human Rights Institution that fully complies with Paris Principles","Yes",1999
"1533","Asia-Pacific","Azerbaijan","Existence of National Human Rights Institution that fully complies with Paris Principles","No",NA
"1534","Asia-Pacific","Bangladesh","Existence of National Human Rights Institution that fully complies with Paris Principles","No",NA
"1535","Asia-Pacific","Bhutan","Existence of National Human Rights Institution that fully complies with Paris Principles","No",NA
"1536","Asia-Pacific","Brunei Darussalam","Existence of National Human Rights Institution that fully complies with Paris Principles","No",NA
"1537","Asia-Pacific","Cambodia","Existence of National Human Rights Institution that fully complies with Paris Principles","No",NA
"1538","Asia-Pacific","China","Existence of National Human Rights Institution that fully complies with Paris Principles","No",NA
"1539","Asia-Pacific","Cook Islands","Existence of National Human Rights Institution that fully complies with Paris Principles","No",NA
"1540","Asia-Pacific","Fiji","Existence of National Human Rights Institution that fully complies with Paris Principles","No",NA
"1541","Asia-Pacific","Democratic People's Republic of Korea","Existence of National Human Rights Institution that fully complies with Paris Principles","No",NA
"1542","Asia-Pacific","India","Existence of National Human Rights Institution that fully complies with Paris Principles","Yes",1999
"1543","Asia-Pacific","Indonesia","Existence of National Human Rights Institution that fully complies with Paris Principles","Yes",2000
"1544","Asia-Pacific","Japan","Existence of National Human Rights Institution that fully complies with Paris Principles","No",NA
"1545","Asia-Pacific","Kazakhstan","Existence of National Human Rights Institution that fully complies with Paris Principles","No",NA
"1546","Asia-Pacific","Kiribati","Existence of National Human Rights Institution that fully complies with Paris Principles","No",NA
"1547","Asia-Pacific","Kyrgyzstan","Existence of National Human Rights Institution that fully complies with Paris Principles","No",NA
"1548","Asia-Pacific","Lao People's Democratic Republic","Existence of National Human Rights Institution that fully complies with Paris Principles","No",NA
"1549","Asia-Pacific","Marshall Islands","Existence of National Human Rights Institution that fully complies with Paris Principles","No",NA
"1550","Asia-Pacific","Malaysia","Existence of National Human Rights Institution that fully complies with Paris Principles","Yes",2002
"1551","Asia-Pacific","Micronesia","Existence of National Human Rights Institution that fully complies with Paris Principles","No",NA
"1552","Asia-Pacific","Maldives","Existence of National Human Rights Institution that fully complies with Paris Principles","No",NA
"1553","Asia-Pacific","Mongolia","Existence of National Human Rights Institution that fully complies with Paris Principles","Yes",2002
"1554","Asia-Pacific","Myanmar","Existence of National Human Rights Institution that fully complies with Paris Principles","No",NA
"1555","Asia-Pacific","Nauru","Existence of National Human Rights Institution that fully complies with Paris Principles","No",NA
"1556","Asia-Pacific","Nepal","Existence of National Human Rights Institution that fully complies with Paris Principles","Yes",2001
"1557","Asia-Pacific","New Zealand","Existence of National Human Rights Institution that fully complies with Paris Principles","Yes",1999
"1558","Asia-Pacific","Niue","Existence of National Human Rights Institution that fully complies with Paris Principles","No",NA
"1559","Asia-Pacific","Palau","Existence of National Human Rights Institution that fully complies with Paris Principles","No",NA
"1560","Asia-Pacific","Papua New Guinea","Existence of National Human Rights Institution that fully complies with Paris Principles","No",NA
"1561","Asia-Pacific","Pakistan","Existence of National Human Rights Institution that fully complies with Paris Principles","Yes",2024
"1562","Asia-Pacific","Philippines","Existence of National Human Rights Institution that fully complies with Paris Principles","Yes",1999
"1563","Asia-Pacific","Republic of Korea","Existence of National Human Rights Institution that fully complies with Paris Principles","Yes",2004
"1564","Asia-Pacific","Samoa","Existence of National Human Rights Institution that fully complies with Paris Principles","Yes",2016
"1565","Asia-Pacific","Solomon Islands","Existence of National Human Rights Institution that fully complies with Paris Principles","No",NA
"1566","Asia-Pacific","Singapore","Existence of National Human Rights Institution that fully complies with Paris Principles","No",NA
"1567","Asia-Pacific","Sri Lanka","Existence of National Human Rights Institution that fully complies with Paris Principles","Yes",2024
"1568","Asia-Pacific","Tajikistan","Existence of National Human Rights Institution that fully complies with Paris Principles","No",NA
"1569","Asia-Pacific","Thailand","Existence of National Human Rights Institution that fully complies with Paris Principles","Yes",2020
"1570","Asia-Pacific","Timor-Leste","Existence of National Human Rights Institution that fully complies with Paris Principles","Yes",2008
"1571","Asia-Pacific","Tonga","Existence of National Human Rights Institution that fully complies with Paris Principles","No",NA
"1572","Asia-Pacific","Turkmenistan","Existence of National Human Rights Institution that fully complies with Paris Principles","No",NA
"1573","Asia-Pacific","Tuvalu","Existence of National Human Rights Institution that fully complies with Paris Principles","No",NA
"1574","Asia-Pacific","Uzbekistan","Existence of National Human Rights Institution that fully complies with Paris Principles","No",NA
"1575","Asia-Pacific","Vanuatu","Existence of National Human Rights Institution that fully complies with Paris Principles","No",NA
"1576","Asia-Pacific","Viet Nam","Existence of National Human Rights Institution that fully complies with Paris Principles","No",NA
